"Transaction Hash","Blockno","UnixTimestamp","DateTime (UTC)","ParentTxFrom","ParentTxTo","ParentTxETH_Value","From","TxTo","ContractAddress","Value_IN(ETH)","Value_OUT(ETH)","CurrentValue @ $3613.78072670398/Eth","Historical $Price/Eth","Status","ErrCode","Type"
"0xdbdfbff8222b97847bd3eeb07293362a75e6841c62c94cec050ed948dda6e638","16778476","1678217063","2023-03-07 19:24:23","0x4dbb085a1938096976f71b2819b8f1dfca452a05","0x323a76393544d5ecca80cd6ef2a560c6a395b7e3","0","0xfe89cc7abb2c4183683ab71653c4cdc9b02d44b7","0x4f2083f5fbede34c2714affb3105539775f7fe64","","16000","0","57820491.6272637","1561.63","0","","call",""
"0xbffc0c3c4c86539e8e4d6f49a5d69996a95823d80111ce08d20a3a7725b6a281","16784657","1678292051","2023-03-08 16:14:11","0x62497dedbe514ffba23f3fc8ad976fbaee439e4f","0xb423e0f6e7430fa29500c5cc9bd83d28c8bd8978","0","0x4f2083f5fbede34c2714affb3105539775f7fe64","0xc02aaa39b223fe8d0a0e5c4f27ead9083c756cc2","","0","4600","16623391.3428383","1532.60","0","","call",""
"0x30e1f40eeb639a3248f063430dcdd9fe0b76428fcded1572b672797db6c39587","16828153","1678820687","2023-03-14 19:04:47","0x4dbb085a1938096976f71b2819b8f1dfca452a05","0xb423e0f6e7430fa29500c5cc9bd83d28c8bd8978","0","0x4f2083f5fbede34c2714affb3105539775f7fe64","0xc02aaa39b223fe8d0a0e5c4f27ead9083c756cc2","","0","1000","3613780.72670398","1705.17","0","","call",""
"0x8602983cdf073605c8d073985dbea92b04465683a523e81472468e45f73fba9e","16828446","1678824239","2023-03-14 20:03:59","0x38243c6a32b5e31ea546e3116988ec8100aea531","0xb423e0f6e7430fa29500c5cc9bd83d28c8bd8978","0","0x4f2083f5fbede34c2714affb3105539775f7fe64","0xdc24316b9ae028f1497c275eb9192a3ea0f67022","","0","3600","13009610.6161343","1705.17","0","","call",""
"0xdb2033bae6931f10b6c4c5c529d35535be91b290dcbdd45e474c954840379e64","16883661","1679494535","2023-03-22 14:15:35","0x38243c6a32b5e31ea546e3116988ec8100aea531","0xb423e0f6e7430fa29500c5cc9bd83d28c8bd8978","0","0x4f2083f5fbede34c2714affb3105539775f7fe64","0xdc24316b9ae028f1497c275eb9192a3ea0f67022","","0","1800","6504805.30806716","1738.86","0","","call",""
"0x57c38b56240c67b75a1952ac0ee3f129aab50cebf39003ecb5b1cc17e40127df","16883690","1679494895","2023-03-22 14:21:35","0x38243c6a32b5e31ea546e3116988ec8100aea531","0xb423e0f6e7430fa29500c5cc9bd83d28c8bd8978","0","0x4f2083f5fbede34c2714affb3105539775f7fe64","0xc02aaa39b223fe8d0a0e5c4f27ead9083c756cc2","","0","1000","3613780.72670398","1738.86","0","","call",""
"0xe03b3cd8c8927e700bc12d6d4b2571d2f716efb227822b9c71c56bd73ee6f5da","16983126","1680704363","2023-04-05 14:19:23","0x4dbb085a1938096976f71b2819b8f1dfca452a05","0xb423e0f6e7430fa29500c5cc9bd83d28c8bd8978","0","0x4f2083f5fbede34c2714affb3105539775f7fe64","0xc02aaa39b223fe8d0a0e5c4f27ead9083c756cc2","","0","1000","3613780.72670398","1909.49","0","","call",""
"0xbbab684f5d956162a0c11d747b967e5616123914a012b697a8f555a09d2aec3a","17032535","1681309943","2023-04-12 14:32:23","0x62497dedbe514ffba23f3fc8ad976fbaee439e4f","0xb423e0f6e7430fa29500c5cc9bd83d28c8bd8978","0","0x4f2083f5fbede34c2714affb3105539775f7fe64","0xc02aaa39b223fe8d0a0e5c4f27ead9083c756cc2","","0","1000","3613780.72670398","1918.78","0","","call",""
"0x901bf1fa6ddc20214181181363b7d391503115a629982bac4073f62ff0511c37","17081192","1681913939","2023-04-19 14:18:59","0x38243c6a32b5e31ea546e3116988ec8100aea531","0xb423e0f6e7430fa29500c5cc9bd83d28c8bd8978","0","0x4f2083f5fbede34c2714affb3105539775f7fe64","0xc02aaa39b223fe8d0a0e5c4f27ead9083c756cc2","","0","1000","3613780.72670398","1936.48","0","","call",""
"0x82d2978493be073e76836903a86b1f2fa9392623654375958d02f2d90650ebac","17131020","1682519567","2023-04-26 14:32:47","0x38243c6a32b5e31ea546e3116988ec8100aea531","0xb423e0f6e7430fa29500c5cc9bd83d28c8bd8978","0","0x4f2083f5fbede34c2714affb3105539775f7fe64","0xc02aaa39b223fe8d0a0e5c4f27ead9083c756cc2","","0","1000","3613780.72670398","1866.80","0","","call",""
"0x3a82a49a2f7d6924fbbfa6cd212a36446585836d4ecdb11fc8ce38a874dbfdca","17380193","1685552387","2023-05-31 16:59:47","0x4dbb085a1938096976f71b2819b8f1dfca452a05","0xb423e0f6e7430fa29500c5cc9bd83d28c8bd8978","0","0xc02aaa39b223fe8d0a0e5c4f27ead9083c756cc2","0x4f2083f5fbede34c2714affb3105539775f7fe64","","16.737707330045650519","0","60486.4041585309","1874.04","0","","call",""
"0xd4120eea48ea9c7be991502bd285ff3cd23ec5c7144986a4b98d227916f3b404","17380212","1685552615","2023-05-31 17:03:35","0x38243c6a32b5e31ea546e3116988ec8100aea531","0xb423e0f6e7430fa29500c5cc9bd83d28c8bd8978","0","0x4f2083f5fbede34c2714affb3105539775f7fe64","0xae7ab96520de3a18e5e111b5eaab095312d7fe84","","0","16.745813416779848308","60515.6977785399","1874.04","0","","call",""
"0xf7204689c708115347bcf11ca741ec960ae12fc9c72d0a2f127a421155ddc1cc","18070653","1693921427","2023-09-05 13:43:47","0x38243c6a32b5e31ea546e3116988ec8100aea531","0xb423e0f6e7430fa29500c5cc9bd83d28c8bd8978","0","0x889edc2edab5f40e902b864ad4d7ade8e412f9b1","0x4f2083f5fbede34c2714affb3105539775f7fe64","","1","0","3613.78072670398","1633.84","0","","call",""
"0xb5e902651f6ac08eba774aa4beff142a7aabb930f9a0c59a376163230a0c9240","18077757","1694007599","2023-09-06 13:39:59","0x38243c6a32b5e31ea546e3116988ec8100aea531","0xb423e0f6e7430fa29500c5cc9bd83d28c8bd8978","0","0x889edc2edab5f40e902b864ad4d7ade8e412f9b1","0x4f2083f5fbede34c2714affb3105539775f7fe64","","946","0","3418636.56746196","1632.35","0","","call",""
"0xffc00539bddf9e9d5e0ee9ef99b3d70a6dfecca4cbed30d8ebf92c790f84d0d7","18077808","1694008223","2023-09-06 13:50:23","0x38243c6a32b5e31ea546e3116988ec8100aea531","0xb423e0f6e7430fa29500c5cc9bd83d28c8bd8978","0","0x4f2083f5fbede34c2714affb3105539775f7fe64","0xdd3f50f8a6cafbe9b31a427582963f465e745af8","","0","947.01828050236989732","3422316.40991581","1632.35","0","","call",""
"0x8f858d0dfd4da34c49ad1b3ab0e632513dda4df9f1e12d174eab01c40763142f","18298489","1696680263","2023-10-07 12:04:23","0x07cd090220f96ea84f4d22aa68be4877ea286a9e","0x323a76393544d5ecca80cd6ef2a560c6a395b7e3","0","0xfe89cc7abb2c4183683ab71653c4cdc9b02d44b7","0x4f2083f5fbede34c2714affb3105539775f7fe64","","16000","0","57820491.6272637","1634.64","0","","call",""
"0x82281ba0940e296b88fc8d45811358e2b105814ef2832ae43a25e689852e88a8","18336773","1697143175","2023-10-12 20:39:35","0x38243c6a32b5e31ea546e3116988ec8100aea531","0xb423e0f6e7430fa29500c5cc9bd83d28c8bd8978","0","0x4f2083f5fbede34c2714affb3105539775f7fe64","0x16d5a408e807db8ef7c578279beeee6b228f1c1c","","0","1000","3613780.72670398","1539.43","0","","call",""
"0x26717773ea53cf520f4dd0e94cb350c12676ed7bf4f279ee6d71492fded470d1","18378423","1697646479","2023-10-18 16:27:59","0x07cd090220f96ea84f4d22aa68be4877ea286a9e","0xb423e0f6e7430fa29500c5cc9bd83d28c8bd8978","0","0x4f2083f5fbede34c2714affb3105539775f7fe64","0xdd3f50f8a6cafbe9b31a427582963f465e745af8","","0","900","3252402.65403358","1563.66","0","","call",""
"0x31d750b079bffa0a3bb43d75cd6ec50312f5a023ea7e402a8638fb1c73c0d29f","18427899","1698244763","2023-10-25 14:39:23","0x38243c6a32b5e31ea546e3116988ec8100aea531","0xb423e0f6e7430fa29500c5cc9bd83d28c8bd8978","0","0x4f2083f5fbede34c2714affb3105539775f7fe64","0xc02aaa39b223fe8d0a0e5c4f27ead9083c756cc2","","0","500","1806890.36335199","1787.67","0","","call",""
"0x24a41395d7a5c425e91c8301bcea65e963e4b4c0812364975b65ebc05d7a28a2","18441830","1698413171","2023-10-27 13:26:11","0x38243c6a32b5e31ea546e3116988ec8100aea531","0xb423e0f6e7430fa29500c5cc9bd83d28c8bd8978","0","0x4f2083f5fbede34c2714affb3105539775f7fe64","0xdd3f50f8a6cafbe9b31a427582963f465e745af8","","0","1000","3613780.72670398","1779.98","0","","call",""
"0xf3111ad98ed1581dd5b9bf55fd6d29a3523be0c6f3250f2dcef9063d2bf10d7e","18470328","1698757955","2023-10-31 13:12:35","0x38243c6a32b5e31ea546e3116988ec8100aea531","0xb423e0f6e7430fa29500c5cc9bd83d28c8bd8978","0","0x889edc2edab5f40e902b864ad4d7ade8e412f9b1","0x4f2083f5fbede34c2714affb3105539775f7fe64","","1000","0","3613780.72670398","1815.45","0","","call",""
"0xf3111ad98ed1581dd5b9bf55fd6d29a3523be0c6f3250f2dcef9063d2bf10d7e","18470328","1698757955","2023-10-31 13:12:35","0x38243c6a32b5e31ea546e3116988ec8100aea531","0xb423e0f6e7430fa29500c5cc9bd83d28c8bd8978","0","0x889edc2edab5f40e902b864ad4d7ade8e412f9b1","0x4f2083f5fbede34c2714affb3105539775f7fe64","","408","0","1474422.53649522","1815.45","0","","call",""
"0x6be9ed355741aa01e21cc981f0a980ab431b2b10d9c81f39dbceba266e01d621","18478146","1698852455","2023-11-01 15:27:35","0x07cd090220f96ea84f4d22aa68be4877ea286a9e","0xb423e0f6e7430fa29500c5cc9bd83d28c8bd8978","0","0x4f2083f5fbede34c2714affb3105539775f7fe64","0x16d5a408e807db8ef7c578279beeee6b228f1c1c","","0","100","361378.072670398","1847.63","0","","call",""
"0xdb5fc945d2a5b0d4a379410a1186d76cade4f3d141cf02180a81bb444c26c15d","18585013","1700144519","2023-11-16 14:21:59","0x38243c6a32b5e31ea546e3116988ec8100aea531","0xb423e0f6e7430fa29500c5cc9bd83d28c8bd8978","0","0x4f2083f5fbede34c2714affb3105539775f7fe64","0xdd3f50f8a6cafbe9b31a427582963f465e745af8","","0","759","2742859.57156832","1961.54","0","","call",""
"0xcfc0693bf47995907b0f46ef0644cf16dd9a0de797099b2e00fd481e1b2117d3","18585057","1700145059","2023-11-16 14:30:59","0x38243c6a32b5e31ea546e3116988ec8100aea531","0xb423e0f6e7430fa29500c5cc9bd83d28c8bd8978","0","0x4f2083f5fbede34c2714affb3105539775f7fe64","0x16d5a408e807db8ef7c578279beeee6b228f1c1c","","0","300","1084134.21801119","1961.54","0","","call",""
"0x82adac7b4224460866550d25d7590eefc6e7b00af4a3f1b782f828cc8474d857","18585125","1700145875","2023-11-16 14:44:35","0x38243c6a32b5e31ea546e3116988ec8100aea531","0xb423e0f6e7430fa29500c5cc9bd83d28c8bd8978","0","0x4f2083f5fbede34c2714affb3105539775f7fe64","0x16d5a408e807db8ef7c578279beeee6b228f1c1c","","0","750","2710335.54502798","1961.54","0","","call",""
"0xf7893836fdc1834321544bc9cb5c62ac729c5dc6ff4f90998647c9b04fa18df0","18585172","1700146439","2023-11-16 14:53:59","0x38243c6a32b5e31ea546e3116988ec8100aea531","0xb423e0f6e7430fa29500c5cc9bd83d28c8bd8978","0","0x4f2083f5fbede34c2714affb3105539775f7fe64","0x84db6ee82b7cf3b47e8f19270abde5718b936670","","0","100","361378.072670398","1961.54","0","","call",""
"0xf204460458539a0d5e9fd490df976b432ed1f429a309c072e7c27b46d8c159e4","18585192","1700146679","2023-11-16 14:57:59","0x38243c6a32b5e31ea546e3116988ec8100aea531","0xb423e0f6e7430fa29500c5cc9bd83d28c8bd8978","0","0x4f2083f5fbede34c2714affb3105539775f7fe64","0x84db6ee82b7cf3b47e8f19270abde5718b936670","","0","909","3284926.68057392","1961.54","0","","call",""
"0x71287f804703aecee7ccc87feb8fe299ac9d92226fe31d5f33373b99d695ebfe","18586062","1700157167","2023-11-16 17:52:47","0x07cd090220f96ea84f4d22aa68be4877ea286a9e","0xb423e0f6e7430fa29500c5cc9bd83d28c8bd8978","0","0x4f2083f5fbede34c2714affb3105539775f7fe64","0xcf5ea1b38380f6af39068375516daf40ed70d299","","0","100","361378.072670398","1961.54","0","","call",""
"0xf9cf9f34dfe7c8986976bd8cdb9a316162e311ce27c055e3dc17e895b7b5e2e8","18586108","1700157719","2023-11-16 18:01:59","0x07cd090220f96ea84f4d22aa68be4877ea286a9e","0xb423e0f6e7430fa29500c5cc9bd83d28c8bd8978","0","0x4f2083f5fbede34c2714affb3105539775f7fe64","0xcf5ea1b38380f6af39068375516daf40ed70d299","","0","909","3284926.68057392","1961.54","0","","call",""
"0x314e36c17902ab1a42fbed57e8c56b50cf52e6ce457da8536d2d2ad7e0c734e2","18586166","1700158415","2023-11-16 18:13:35","0x38243c6a32b5e31ea546e3116988ec8100aea531","0xb423e0f6e7430fa29500c5cc9bd83d28c8bd8978","0","0x4f2083f5fbede34c2714affb3105539775f7fe64","0x16d5a408e807db8ef7c578279beeee6b228f1c1c","","0","750","2710335.54502798","1961.54","0","","call",""
"0x42af6c37b876356fe345c286c5241c4771fa29f9b562f38b3ff42381bf2bb60e","18586309","1700160131","2023-11-16 18:42:11","0x38243c6a32b5e31ea546e3116988ec8100aea531","0xb423e0f6e7430fa29500c5cc9bd83d28c8bd8978","0","0x4f2083f5fbede34c2714affb3105539775f7fe64","0xa397a8c2086c554b531c02e29f3291c9704b00c7","","0","100","361378.072670398","1961.54","0","","call",""
"0xceda4cb5a9fb696c55526b8c2d412db7abfa020a89b164ee89d4e8e67496d5e0","18586334","1700160431","2023-11-16 18:47:11","0x38243c6a32b5e31ea546e3116988ec8100aea531","0xb423e0f6e7430fa29500c5cc9bd83d28c8bd8978","0","0x4f2083f5fbede34c2714affb3105539775f7fe64","0xa397a8c2086c554b531c02e29f3291c9704b00c7","","0","3000","10841342.1801119","1961.54","0","","call",""
"0x770a81241d2c403246ffce0be18026d63a39fb1b26f0b9654e3f00e13ad00b09","18627929","1700664023","2023-11-22 14:40:23","0x07cd090220f96ea84f4d22aa68be4877ea286a9e","0xb423e0f6e7430fa29500c5cc9bd83d28c8bd8978","0","0x4f2083f5fbede34c2714affb3105539775f7fe64","0xa397a8c2086c554b531c02e29f3291c9704b00c7","","0","1946","7032417.29416594","2064.08","0","","call",""
"0xd7ce54cc5db3f7ca807719682a924f82d54eea568166262f98ba3736e790d888","18627977","1700664599","2023-11-22 14:49:59","0x07cd090220f96ea84f4d22aa68be4877ea286a9e","0xb423e0f6e7430fa29500c5cc9bd83d28c8bd8978","0","0x4f2083f5fbede34c2714affb3105539775f7fe64","0xd322a49006fc828f9b5b37ab215f99b4e5cab19c","","0","1514","5471264.02022983","2064.08","0","","call",""
"0x4b1e8150f6659e8f29241a651e13cdfd712176f82272ac7b7c3a0621682486c4","18628009","1700664983","2023-11-22 14:56:23","0x07cd090220f96ea84f4d22aa68be4877ea286a9e","0xb423e0f6e7430fa29500c5cc9bd83d28c8bd8978","0","0x4f2083f5fbede34c2714affb3105539775f7fe64","0xbd7d6a9ad7865463de44b05f04559f65e3b11704","","0","1514","5471264.02022983","2064.08","0","","call",""
"0x397d064f7f33c01be77acb359173ff4163c29d0d72cd5aab3760e84b73b584ef","18729140","1701888275","2023-12-06 18:44:35","0x38243c6a32b5e31ea546e3116988ec8100aea531","0xb423e0f6e7430fa29500c5cc9bd83d28c8bd8978","0","0x4f2083f5fbede34c2714affb3105539775f7fe64","0xc02aaa39b223fe8d0a0e5c4f27ead9083c756cc2","","0","1000","3613780.72670398","2232.96","0","","call",""
"0xd7a3f6a868a832a919024aa35240bcf532008772c9109049d4963cba8d8eb066","19042511","1705686611","2024-01-19 17:50:11","0x07cd090220f96ea84f4d22aa68be4877ea286a9e","0xb423e0f6e7430fa29500c5cc9bd83d28c8bd8978","0","0x4f2083f5fbede34c2714affb3105539775f7fe64","0xc02aaa39b223fe8d0a0e5c4f27ead9083c756cc2","","0","257.00398","928756.029610215","2490.05","0","","call",""
"0x207c5f5145cf5fa2558cbf2f143ba72eedf49fc085a1c9d6159e6194f70f84cc","19092839","1706297063","2024-01-26 19:24:23","0x38243c6a32b5e31ea546e3116988ec8100aea531","0xb423e0f6e7430fa29500c5cc9bd83d28c8bd8978","0","0xdc24316b9ae028f1497c275eb9192a3ea0f67022","0x4f2083f5fbede34c2714affb3105539775f7fe64","","454.734913832380429769","0","1643312.26736685","2267.33","0","","call",""
"0x23c4fe2cc3a955d3ad192d52ea222bc3d87291456ecb9575776de5e3e453a546","19092929","1706298143","2024-01-26 19:42:23","0x07cd090220f96ea84f4d22aa68be4877ea286a9e","0xb423e0f6e7430fa29500c5cc9bd83d28c8bd8978","0","0x4f2083f5fbede34c2714affb3105539775f7fe64","0xc02aaa39b223fe8d0a0e5c4f27ead9083c756cc2","","0","454.734913832380429769","1643312.26736685","2267.33","0","","call",""
"0x320272dbd1ce304e0e43524160cda3d641a086c98ea56163c390b18ef538fa18","19276416","1708523147","2024-02-21 13:45:47","0x38243c6a32b5e31ea546e3116988ec8100aea531","0xb423e0f6e7430fa29500c5cc9bd83d28c8bd8978","0","0xae78736cd615f374d3085123a210448e74fc6393","0x4f2083f5fbede34c2714affb3105539775f7fe64","","983.424510372947796167","0","3553880.54175406","2968.67","0","","call",""
"0x7400861f97225cb7bb4ace1929988b89022e05816f971ec91062b7bc24004e56","19276497","1708524119","2024-02-21 14:01:59","0x07cd090220f96ea84f4d22aa68be4877ea286a9e","0xb423e0f6e7430fa29500c5cc9bd83d28c8bd8978","0","0x4f2083f5fbede34c2714affb3105539775f7fe64","0xcf5ea1b38380f6af39068375516daf40ed70d299","","0","983.324510372947796167","3553519.16368139","2968.67","0","","call",""
"0x48a7bd0a93be5c58bb49d433b2c2a6e805dac980bfa1421bbd7120c25dab400f","19516872","1711434983","2024-03-26 06:36:23","0x4cc23ee928313f61c7079abf1652333360524f1c","0xbda6c9cd7ed043cb739ca2c748dabd1fca397132","0","0xbda6c9cd7ed043cb739ca2c748dabd1fca397132","0x4f2083f5fbede34c2714affb3105539775f7fe64","","0.218802","0","790.702450564284","3587.60","0","","call",""
"0x3291222a139abbe5b9ff62f6932a3bab30e18f501d3201f6fa40e35718dd9825","19519214","1711463387","2024-03-26 14:29:47","0x38243c6a32b5e31ea546e3116988ec8100aea531","0xb423e0f6e7430fa29500c5cc9bd83d28c8bd8978","0","0xdc24316b9ae028f1497c275eb9192a3ea0f67022","0x4f2083f5fbede34c2714affb3105539775f7fe64","","42.000227846935857205","0","151779.613910433","3587.60","0","","call",""
"0xba69487e58822f70ef011c40c8657f18bb6569978a3b371b78d9f7d647900089","19519250","1711463831","2024-03-26 14:37:11","0x38243c6a32b5e31ea546e3116988ec8100aea531","0xb423e0f6e7430fa29500c5cc9bd83d28c8bd8978","0","0xc02aaa39b223fe8d0a0e5c4f27ead9083c756cc2","0x4f2083f5fbede34c2714affb3105539775f7fe64","","1.5185954836864858","0","5487.87109060593","3587.60","0","","call",""
"0xdef61eb66b78c5b6acbe4c7eaa44438d1772e885a33588a5df0ca8bd63289a59","19643562","1712973863","2024-04-13 02:04:23","0xe52c39327ff7576baec3dbfef0787bd62db6d726","0x323a76393544d5ecca80cd6ef2a560c6a395b7e3","0","0x4f2083f5fbede34c2714affb3105539775f7fe64","0x91c32893216de3ea0a55abb9851f581d4503d39b","","0","43.54","157344.012840691","3011.51","0","","call",""
"0x7420623aefd5e3f68b56aca17a6a6867892d332e3bb02a3734aa70eff70759a4","19661615","1713192647","2024-04-15 14:50:47","0x07cd090220f96ea84f4d22aa68be4877ea286a9e","0xb423e0f6e7430fa29500c5cc9bd83d28c8bd8978","0","0xc02aaa39b223fe8d0a0e5c4f27ead9083c756cc2","0x4f2083f5fbede34c2714affb3105539775f7fe64","","25.827144458520002912","0","93333.6368699991","3103.00","0","","call",""
"0xdb7904d4431427fc7d827c52894e2b73270079d0ee9ee507b181196f625b75c6","19669783","1713291563","2024-04-16 18:19:23","0x70b8769b09af7447886620c20854c8b9119b5fee","0x91c32893216de3ea0a55abb9851f581d4503d39b","0","0x4f2083f5fbede34c2714affb3105539775f7fe64","0x58e6c7ab55aa9012eacca16d1ed4c15795669e1c","","0","24.06","86947.5642844978","3085.42","0","","call",""
"0x7bb8e579c8b9fb3dcb1f4c1162718b694f04b21fec8e3c2a6a583de9a07b6fac","19752532","1714291775","2024-04-28 08:09:35","0x0d0e18f92cda2e315898465d32795cd74a3ea631","0xbda6c9cd7ed043cb739ca2c748dabd1fca397132","0","0xbda6c9cd7ed043cb739ca2c748dabd1fca397132","0x4f2083f5fbede34c2714affb3105539775f7fe64","","0.212983","0","769.673860515594","3262.43","0","","call",""
"0x343c6d33839866ca7db547c62117d8522eaf205283b16ea1bb37cc124f323493","19782588","1714654715","2024-05-02 12:58:35","0x07cd090220f96ea84f4d22aa68be4877ea286a9e","0xb423e0f6e7430fa29500c5cc9bd83d28c8bd8978","0","0xa397a8c2086c554b531c02e29f3291c9704b00c7","0x4f2083f5fbede34c2714affb3105539775f7fe64","","242.807","0","877451.256908813","2986.41","0","","call",""
"0xa1a43be6e1a4c541e8c2de9c07cd80aa99e4a8e412342f123540b17e07188479","19782636","1714655291","2024-05-02 13:08:11","0x07cd090220f96ea84f4d22aa68be4877ea286a9e","0xb423e0f6e7430fa29500c5cc9bd83d28c8bd8978","0","0x4f2083f5fbede34c2714affb3105539775f7fe64","0xc02aaa39b223fe8d0a0e5c4f27ead9083c756cc2","","0","245.084752789142345917","885682.556038412","2986.41","0","","call",""
"0x90b3134a21ad8b33821ffab42c881b4ffcc04f02e740a47d7cae914433281f2b","19876326","1715787503","2024-05-15 15:38:23","0x85cb7b9e81950a495521c2e8af313b9a13b77986","0xb423e0f6e7430fa29500c5cc9bd83d28c8bd8978","0","0xc02aaa39b223fe8d0a0e5c4f27ead9083c756cc2","0x4f2083f5fbede34c2714affb3105539775f7fe64","","8.991772010949950105","0","32494.2923920872","3033.46","0","","call",""
"0x842fe114d85a3524de5d8bf4b615d9ce321e9217401fe1863977da3120f24e29","19876355","1715787851","2024-05-15 15:44:11","0x85cb7b9e81950a495521c2e8af313b9a13b77986","0xb423e0f6e7430fa29500c5cc9bd83d28c8bd8978","0","0xa397a8c2086c554b531c02e29f3291c9704b00c7","0x4f2083f5fbede34c2714affb3105539775f7fe64","","15.07","0","54459.675551429","3033.46","0","","call",""
"0xb6bda2a7d1c8d630cdf09ee852534a2073102479aa285003062f77edfd7f4f1c","19919721","1716311879","2024-05-21 17:17:59","0xea5c280f4328493b95962d5a0321d5f60cdff38c","0x91c32893216de3ea0a55abb9851f581d4503d39b","0","0x4f2083f5fbede34c2714affb3105539775f7fe64","0x58e6c7ab55aa9012eacca16d1ed4c15795669e1c","","0","24.05","86911.4264772307","3789.36","0","","call",""
"0xa0feaa36187e132c6ddb22e7caf0115fc22d0ce2e7f04c2d69bcfdadbcadd7aa","19969126","1716908483","2024-05-28 15:01:23","0x51dec19aa2cd414eb982b6d9811081ffcfee839d","0xb423e0f6e7430fa29500c5cc9bd83d28c8bd8978","0","0xc02aaa39b223fe8d0a0e5c4f27ead9083c756cc2","0x4f2083f5fbede34c2714affb3105539775f7fe64","","8.188910526916270856","0","29592.9270348734","3840.39","0","","call",""
"0xb01b2844eef317b70413505dfb8f86546594ccdaccad8922cfc226d100d12222","20011830","1717424183","2024-06-03 14:16:23","0x85cb7b9e81950a495521c2e8af313b9a13b77986","0xb423e0f6e7430fa29500c5cc9bd83d28c8bd8978","0","0xc02aaa39b223fe8d0a0e5c4f27ead9083c756cc2","0x4f2083f5fbede34c2714affb3105539775f7fe64","","3.189709381345609014","0","11526.9102860936","3766.32","0","","call",""
"0x903cfbb7ce83a05a216aabdeb757a957ce6442ba5c15ec00e8bbf790350f9baa","20017369","1717490975","2024-06-04 08:49:35","0x0d0e18f92cda2e315898465d32795cd74a3ea631","0xbda6c9cd7ed043cb739ca2c748dabd1fca397132","0","0xbda6c9cd7ed043cb739ca2c748dabd1fca397132","0x4f2083f5fbede34c2714affb3105539775f7fe64","","0.178628","0","645.522423649679","3810.73","0","","call",""
"0x867bb7051acac7ce59faf1a822d61318f2fda2e06276b13dab4cf12a51955d81","20069605","1718121191","2024-06-11 15:53:11","0x51dec19aa2cd414eb982b6d9811081ffcfee839d","0xb423e0f6e7430fa29500c5cc9bd83d28c8bd8978","0","0xc02aaa39b223fe8d0a0e5c4f27ead9083c756cc2","0x4f2083f5fbede34c2714affb3105539775f7fe64","","5.675912502801719477","0","20511.503209083","3497.32","0","","call",""
"0x491dba7635b9f6633cc5b504075f662dcabb02e7110a823ed41b373d7b5fffba","20119213","1718720639","2024-06-18 14:23:59","0x85cb7b9e81950a495521c2e8af313b9a13b77986","0xb423e0f6e7430fa29500c5cc9bd83d28c8bd8978","0","0xc02aaa39b223fe8d0a0e5c4f27ead9083c756cc2","0x4f2083f5fbede34c2714affb3105539775f7fe64","","5.183267436450087251","0","18731.1919631957","3482.27","0","","call",""
"0xe39058df2c0210625822f5d4e0e5b316dbc1b94fdf0a408221a48944b6f714ca","20125427","1718795771","2024-06-19 11:16:11","0x70b8769b09af7447886620c20854c8b9119b5fee","0x91c32893216de3ea0a55abb9851f581d4503d39b","0","0x4f2083f5fbede34c2714affb3105539775f7fe64","0x58e6c7ab55aa9012eacca16d1ed4c15795669e1c","","0","21.77","78672.0064203456","3558.97","0","","call",""
"0x90716dd540a1541acade0b3a027801b8e20b382d20c7b7dcca2aee53f35341c8","20324309","1721195939","2024-07-17 05:58:59","0x0d0e18f92cda2e315898465d32795cd74a3ea631","0xbda6c9cd7ed043cb739ca2c748dabd1fca397132","0","0xbda6c9cd7ed043cb739ca2c748dabd1fca397132","0x4f2083f5fbede34c2714affb3105539775f7fe64","","0.233604","0","844.193632880957","3387.66","0","","call",""
"0xa3ccc4292668ebb6b5e3deef98ac0a13681e1e37d9a26bd36268dd74ebafac87","20334867","1721323295","2024-07-18 17:21:35","0x07cd090220f96ea84f4d22aa68be4877ea286a9e","0xb423e0f6e7430fa29500c5cc9bd83d28c8bd8978","0","0xa397a8c2086c554b531c02e29f3291c9704b00c7","0x4f2083f5fbede34c2714affb3105539775f7fe64","","17.8631","0","64553.3264991859","3425.94","0","","call",""
"0xb7eeb44e034d157c3e396747d17700a3906738ddbe7a58eb93b51e6cf1b34a8f","20334882","1721323475","2024-07-18 17:24:35","0x51dec19aa2cd414eb982b6d9811081ffcfee839d","0xb423e0f6e7430fa29500c5cc9bd83d28c8bd8978","0","0xc02aaa39b223fe8d0a0e5c4f27ead9083c756cc2","0x4f2083f5fbede34c2714affb3105539775f7fe64","","4.426941003735153475","0","15997.9940775537","3425.94","0","","call",""
"0xe242037c08cb563ccdb77524b555c95e4f5baf05660a2316f091efcffc29dd32","20342406","1721414135","2024-07-19 18:35:35","0x0b8b1ed2594b36aedbf44dd17674f4686edfee6b","0x91c32893216de3ea0a55abb9851f581d4503d39b","0","0x4f2083f5fbede34c2714affb3105539775f7fe64","0x58e6c7ab55aa9012eacca16d1ed4c15795669e1c","","0","22.29","80551.1723982317","3506.00","0","","call",""
"0xbaf8d1d0bf7cb8ee700a1cf6bc3bb2a5c1ecfdb413744f0932e773bd7bfadfb6","20409086","1722218291","2024-07-29 01:58:11","0x07cd090220f96ea84f4d22aa68be4877ea286a9e","0xb423e0f6e7430fa29500c5cc9bd83d28c8bd8978","0","0xa397a8c2086c554b531c02e29f3291c9704b00c7","0x4f2083f5fbede34c2714affb3105539775f7fe64","","4820.117062412447922761","0","17418846.1406031","3317.94","0","","call",""
"0x2cd7bbbfea99fac2932b6c3fc7ddda9f0feaeb8fe1bbad1a270d347229971402","20412771","1722262739","2024-07-29 14:18:59","0x85cb7b9e81950a495521c2e8af313b9a13b77986","0xb423e0f6e7430fa29500c5cc9bd83d28c8bd8978","0","0x4f2083f5fbede34c2714affb3105539775f7fe64","0xc02aaa39b223fe8d0a0e5c4f27ead9083c756cc2","","0","4821.008907274646712939","17422069.0723773","3317.94","0","","call",""
"0xc5251acd38a33c4904800818f3c8d9515adc8ca4cbf4ff7b1f45c932adc1f320","20516718","1723516115","2024-08-13 02:28:35","0x51dec19aa2cd414eb982b6d9811081ffcfee839d","0xb423e0f6e7430fa29500c5cc9bd83d28c8bd8978","0","0xc02aaa39b223fe8d0a0e5c4f27ead9083c756cc2","0x4f2083f5fbede34c2714affb3105539775f7fe64","","22.12","0","79936.829674692","2703.60","0","","call",""
"0x555f83326129ab2e00fade9a315ed6ee8534809a12fe410fbd5606af4eaf5610","20577427","1724248499","2024-08-21 13:54:59","0x4cc23ee928313f61c7079abf1652333360524f1c","0xbda6c9cd7ed043cb739ca2c748dabd1fca397132","0","0xbda6c9cd7ed043cb739ca2c748dabd1fca397132","0x4f2083f5fbede34c2714affb3105539775f7fe64","","0.1547152","0","559.106807888152","2631.39","0","","call",""
"0x5fbafba03b490d6ac86e30c5bfbcaa58dc56a4afe4dab7ee1649babb3c745e96","20614102","1724691407","2024-08-26 16:56:47","0xea5c280f4328493b95962d5a0321d5f60cdff38c","0x91c32893216de3ea0a55abb9851f581d4503d39b","0","0x4f2083f5fbede34c2714affb3105539775f7fe64","0x58e6c7ab55aa9012eacca16d1ed4c15795669e1c","","0","22.12","79936.829674692","2681.15","0","","call",""
"0xc83f4c142a385c98dbabe1ae11fc4fd458d3f2de9494e186b2ed43c7fbcf4495","20663818","1725291383","2024-09-02 15:36:23","0x51dec19aa2cd414eb982b6d9811081ffcfee839d","0xb423e0f6e7430fa29500c5cc9bd83d28c8bd8978","0","0xc02aaa39b223fe8d0a0e5c4f27ead9083c756cc2","0x4f2083f5fbede34c2714affb3105539775f7fe64","","4000","0","14455122.9068159","2538.22","0","","call",""
"0x27c8a20ebffa417f6aa7006af7afd38f09299ace4c04117ba7a6ab2fe288b54b","20663910","1725292487","2024-09-02 15:54:47","0x51dec19aa2cd414eb982b6d9811081ffcfee839d","0xb423e0f6e7430fa29500c5cc9bd83d28c8bd8978","0","0x4f2083f5fbede34c2714affb3105539775f7fe64","0xac0f906e433d58fa868f936e8a43230473652885","","0","4000","14455122.9068159","2538.22","0","","call",""
"0x0bdf9e9fc3a94a18b374cd3329e86fc1869067bf24513a986a540f404daaaa0c","20827731","1727268635","2024-09-25 12:50:35","0x51dec19aa2cd414eb982b6d9811081ffcfee839d","0xb423e0f6e7430fa29500c5cc9bd83d28c8bd8978","0","0x893411580e590d62ddbca8a703d61cc4a8c7b2b9","0x4f2083f5fbede34c2714affb3105539775f7fe64","","21","0","75889.3952607836","2579.69","0","","call",""
"0x4b988532cc6c5967fe4d221a48a3aaf56b20118cd37fb7cdd98cee484b19bca4","20827772","1727269139","2024-09-25 12:58:59","0x51dec19aa2cd414eb982b6d9811081ffcfee839d","0xb423e0f6e7430fa29500c5cc9bd83d28c8bd8978","0","0xc02aaa39b223fe8d0a0e5c4f27ead9083c756cc2","0x4f2083f5fbede34c2714affb3105539775f7fe64","","0.754150642790418438","0","2725.33505794743","2579.69","0","","call",""
"0x00903dbb963430db2b0bf2cfdb097f6eac187779364f2f51bfe600fbe9e3ae15","20843903","1727463503","2024-09-27 18:58:23","0xea5c280f4328493b95962d5a0321d5f60cdff38c","0x91c32893216de3ea0a55abb9851f581d4503d39b","0","0x4f2083f5fbede34c2714affb3105539775f7fe64","0x58e6c7ab55aa9012eacca16d1ed4c15795669e1c","","0","21.4","77334.9075514652","2695.48","0","","call",""
"0x2b39cdfb6f98495bf214310204886f97be67ead5ab965a0667ce4adb4ab8bb39","20890784","1728028343","2024-10-04 07:52:23","0x67bb8f98ddff504204b9af8e9c00e9c6926526e2","0xbda6c9cd7ed043cb739ca2c748dabd1fca397132","0","0xbda6c9cd7ed043cb739ca2c748dabd1fca397132","0x4f2083f5fbede34c2714affb3105539775f7fe64","","0.163011","0","589.086010040742","2414.67","0","","call",""
"0x7e9506690b041ce0b69f70f8cbd9ed1ab4899aece2c83236fbcd715bd62b46ab","20890792","1728028439","2024-10-04 07:53:59","0x67bb8f98ddff504204b9af8e9c00e9c6926526e2","0xbda6c9cd7ed043cb739ca2c748dabd1fca397132","0","0xbda6c9cd7ed043cb739ca2c748dabd1fca397132","0x4f2083f5fbede34c2714affb3105539775f7fe64","","0.1541","0","556.883609985083","2414.67","0","","call",""
"0x0224d2228a1296b3ffce0fbca2a45e79d27faa210bfa32781574369742154ab3","20978683","1729088447","2024-10-16 14:20:47","0x51dec19aa2cd414eb982b6d9811081ffcfee839d","0xb423e0f6e7430fa29500c5cc9bd83d28c8bd8978","0","0xc02aaa39b223fe8d0a0e5c4f27ead9083c756cc2","0x4f2083f5fbede34c2714affb3105539775f7fe64","","20.7","0","74805.2610427724","2610.95","0","","call",""
"0x66950bb3d016f766463d5f18f35c4876605720e0934040a89ae7570794df6787","21021799","1729608287","2024-10-22 14:44:47","0x51dec19aa2cd414eb982b6d9811081ffcfee839d","0xb423e0f6e7430fa29500c5cc9bd83d28c8bd8978","0","0xc02aaa39b223fe8d0a0e5c4f27ead9083c756cc2","0x4f2083f5fbede34c2714affb3105539775f7fe64","","2007.871914589106696149","0","7256008.82663233","2621.31","0","","call",""
"0xe32eb681a31226001f283084e1ef993d47be913c0afb6c179abe6b30b938fa93","21021827","1729608623","2024-10-22 14:50:23","0x51dec19aa2cd414eb982b6d9811081ffcfee839d","0xb423e0f6e7430fa29500c5cc9bd83d28c8bd8978","0","0x4f2083f5fbede34c2714affb3105539775f7fe64","0xcf5ea1b38380f6af39068375516daf40ed70d299","","0","1204.8","4353883.01953295","2621.31","0","","call",""
"0x38ecb8a03dd74487ec1969f2a103573e223b94521e0a365983577c01c5b830bd","21021849","1729608887","2024-10-22 14:54:47","0x51dec19aa2cd414eb982b6d9811081ffcfee839d","0xb423e0f6e7430fa29500c5cc9bd83d28c8bd8978","0","0x4f2083f5fbede34c2714affb3105539775f7fe64","0xac0f906e433d58fa868f936e8a43230473652885","","0","803.097891431897114587","2902219.6817132","2621.31","0","","call",""
"0xa24006d3d09cd553af15a5b15c93e7d9a24919ef67e09f6944d2296a160d4dc1","21074530","1730243891","2024-10-29 23:18:11","0x4767b1902865940f020c3e3ba3c0e117941f96ff","0x91c32893216de3ea0a55abb9851f581d4503d39b","0","0x4f2083f5fbede34c2714affb3105539775f7fe64","0x58e6c7ab55aa9012eacca16d1ed4c15795669e1c","","0","21.48","77624.0100096015","2638.16","0","","call",""
"0xd48eed57ddf17d7c05a46144e64ef6cf0caab13b07e0e5f7028aadfd77186589","21175986","1731467363","2024-11-13 03:09:23","0x67bb8f98ddff504204b9af8e9c00e9c6926526e2","0xbda6c9cd7ed043cb739ca2c748dabd1fca397132","0","0xbda6c9cd7ed043cb739ca2c748dabd1fca397132","0x4f2083f5fbede34c2714affb3105539775f7fe64","","0.1163","0","420.282698515673","3191.32","0","","call",""
"0x6129b362430a0ef1ab010ad7dc22475d16b139e229fd7ac55f5a4799abfa6de9","21280106","1732722791","2024-11-27 15:53:11","0x51dec19aa2cd414eb982b6d9811081ffcfee839d","0xb423e0f6e7430fa29500c5cc9bd83d28c8bd8978","0","0xc02aaa39b223fe8d0a0e5c4f27ead9083c756cc2","0x4f2083f5fbede34c2714affb3105539775f7fe64","","23.65","0","85465.9141865491","3657.71","0","","call",""
