"Transaction Hash","Blockno","UnixTimestamp","DateTime (UTC)","ParentTxFrom","ParentTxTo","ParentTxETH_Value","From","TxTo","ContractAddress","Value_IN(ETH)","Value_OUT(ETH)","CurrentValue @ $2283.12966713753/Eth","Historical $Price/Eth","Status","ErrCode","Type","PrivateNote"
"0x3447f674b598cf8acf994937f028444487850713879618e4d5694f075b4648af","14491291","1648693789","2022-03-31 02:29:49","0xb8c2c29ee19d8307cb7255e1cd9cbde883a267d5","0x323a76393544d5ecca80cd6ef2a560c6a395b7e3","0","0xfe89cc7abb2c4183683ab71653c4cdc9b02d44b7","0x2686a8919df194aa7673244549e68d42c1685d03","","6","0","13698.7780028252","3282.78","0","","call",""
"0x16d27d47d92011c88c61857a1d4c2806f9b05d034075e4ea2dd9466232262b9a","14872677","1653915962","2022-05-30 13:06:02","0x0b1c215ad51a784d028be4acd5da8f274292d59e","0x2686a8919df194aa7673244549e68d42c1685d03","0","0x2686a8919df194aa7673244549e68d42c1685d03","0xf14f66748ff5d530c0235bf8ad017f9ae79a6b6a","","0","3","6849.38900141259","1997.64","0","","call",""
"0xb7777c681835fe3261648d69085ee441b5fc324a95aeebd8d72ce4a23202f8f0","14971951","1655362099","2022-06-16 06:48:19","0x4032a039d9035571912d6e74adf403561561e9d8","0x2686a8919df194aa7673244549e68d42c1685d03","0","0x2686a8919df194aa7673244549e68d42c1685d03","0x51050ec063d393217b436747617ad1c2285aeeee","","0","1","2283.12966713753","1067.10","0","","call",""
"0x9bf05272c1debfd466109f0dc99f6aac323934ee04b92a8cffb8720ff8bbf0c1","15067883","1656828978","2022-07-03 06:16:18","0x38d6f9c9f20175c9fc475e452f1ae70a91506f2d","0x9718ba71dc1284842fce66dc3e34dffc6c630074","0","0x9718ba71dc1284842fce66dc3e34dffc6c630074","0x2686a8919df194aa7673244549e68d42c1685d03","","0.050000000000000003","0","114.156483356876","1072.95","0","","call",""
"0xeca0a89b925bace80379b3b406ab21664262d3fb5536a3e4167c79668c097260","15342188","1660513350","2022-08-14 21:42:30","0xb8c2c29ee19d8307cb7255e1cd9cbde883a267d5","0x323a76393544d5ecca80cd6ef2a560c6a395b7e3","0","0xfe89cc7abb2c4183683ab71653c4cdc9b02d44b7","0x2686a8919df194aa7673244549e68d42c1685d03","","156","0","356168.228073455","1936.02","0","","call",""
"0x2930846bf5fe2844d4a5d280ae54753a6265f2f75b576945fdd268fc863b43e9","15347714","1660590129","2022-08-15 19:02:09","0x0a57012d1378a8a25e03dd1d66215557458bb241","0x2686a8919df194aa7673244549e68d42c1685d03","0","0x2686a8919df194aa7673244549e68d42c1685d03","0x9718ba71dc1284842fce66dc3e34dffc6c630074","","0","15","34246.9450070629","1899.64","0","","call",""
"0xb8d1a85fba5ae5d8e20288759d19dc364af2d5aa37f8ae2888c32257cec1ab87","15354765","1660685339","2022-08-16 21:28:59","0x0b1c215ad51a784d028be4acd5da8f274292d59e","0x2686a8919df194aa7673244549e68d42c1685d03","0","0x2686a8919df194aa7673244549e68d42c1685d03","0x69a79128462853833e22bba1a43bcdac4725761b","","0","9","20548.1670042378","1877.16","0","","call",""
"0x8b1db79238093b9808236550c3dd7c20f482e519399cc4b9c9bef4dc7a421448","15358142","1660731427","2022-08-17 10:17:07","0xe6f7e0add15c665f5ac2b0eedfd2e8578ef2bf8a","0x2686a8919df194aa7673244549e68d42c1685d03","0","0x2686a8919df194aa7673244549e68d42c1685d03","0xe8929029ea54113da91cdb8c9c1ba297cf803838","","0","2","4566.25933427506","1834.04","0","","call",""
"0x4d54b17ebfff8b077dfd914fbce6d4da1fa15ac3b3dc639854535ff226fb84f0","15393496","1661215287","2022-08-23 00:41:27","0x38d6f9c9f20175c9fc475e452f1ae70a91506f2d","0x2686a8919df194aa7673244549e68d42c1685d03","0","0x2686a8919df194aa7673244549e68d42c1685d03","0x9b9c249be04dd433c7e8fbbf5e61e6741b89966d","","0","10","22831.2966713753","1664.76","0","","call",""
"0x6961d431f87fb4bcee0dbaf39efea69c21eb60b9f2a94d5cbfd6bfcc3f15ecec","15393510","1661215451","2022-08-23 00:44:11","0xb5dad764c4ad8f2b1a99d330046bdf71fbab1a9f","0x2686a8919df194aa7673244549e68d42c1685d03","0","0x2686a8919df194aa7673244549e68d42c1685d03","0x6a016548310076285668e2378df70bd545396b5a","","0","20","45662.5933427506","1664.76","0","","call",""
"0xd1809319fa2aadb6884d723f80b8be6763ea9345834c086ea7cc41e3e240b317","15393519","1661215670","2022-08-23 00:47:50","0x659f2ed8dfd6a354e0d8afa567c51280f65fb7a4","0x2686a8919df194aa7673244549e68d42c1685d03","0","0x2686a8919df194aa7673244549e68d42c1685d03","0x593a50cf05359bc88474d86b06ec6e1c1a2a899f","","0","5","11415.6483356876","1664.76","0","","call",""
"0x44e1715ccabafe202857686bd24bca9ebb7fde6ccee824e4bffa2d2e46610b3f","15504953","1662757882","2022-09-09 21:11:22","0xe77d2e3adcf2ab187570c40512f9ccfb3858c23b","0x2686a8919df194aa7673244549e68d42c1685d03","0","0x2686a8919df194aa7673244549e68d42c1685d03","0xb352bb4e2a4f27683435f153a259f1b207218b1b","","0","10","22831.2966713753","1719.35","0","","call",""
"0x30c4cb2817f1fc5010840493cc114efc969a51c20f2ce1a7ca91efe3d20eea8e","15670951","1664840255","2022-10-03 23:37:35","0xdbfd823e357f9f979de060b3717467fa8dd70ad1","0x2686a8919df194aa7673244549e68d42c1685d03","0","0x2686a8919df194aa7673244549e68d42c1685d03","0x682552053c1b6905f3115a8877fb8279145ba4b8","","0","0.5","1141.56483356876","1323.32","0","","call",""
"0xe34a75e03f0138e79b140264c635af01a7f9b5a3d9f15f7ace15b656a28b3f14","15678517","1664931911","2022-10-05 01:05:11","0x7208deb6f9e75dab52a6e8ecb872fc32d3afbde8","0x2686a8919df194aa7673244549e68d42c1685d03","0","0x2686a8919df194aa7673244549e68d42c1685d03","0x1208a26faa0f4ac65b42098419eb4daa5e580ac6","","0","1","2283.12966713753","1352.44","0","","call",""
"0xe34a75e03f0138e79b140264c635af01a7f9b5a3d9f15f7ace15b656a28b3f14","15678517","1664931911","2022-10-05 01:05:11","0x7208deb6f9e75dab52a6e8ecb872fc32d3afbde8","0x2686a8919df194aa7673244549e68d42c1685d03","0","0x2686a8919df194aa7673244549e68d42c1685d03","0xbdc84e4692a7f3efbb210aa3b8defaabb5dd9402","","0","1","2283.12966713753","1352.44","0","","call",""
"0xe34a75e03f0138e79b140264c635af01a7f9b5a3d9f15f7ace15b656a28b3f14","15678517","1664931911","2022-10-05 01:05:11","0x7208deb6f9e75dab52a6e8ecb872fc32d3afbde8","0x2686a8919df194aa7673244549e68d42c1685d03","0","0x2686a8919df194aa7673244549e68d42c1685d03","0x1208a26faa0f4ac65b42098419eb4daa5e580ac6","","0","1","2283.12966713753","1352.44","0","","call",""
"0xe34a75e03f0138e79b140264c635af01a7f9b5a3d9f15f7ace15b656a28b3f14","15678517","1664931911","2022-10-05 01:05:11","0x7208deb6f9e75dab52a6e8ecb872fc32d3afbde8","0x2686a8919df194aa7673244549e68d42c1685d03","0","0x2686a8919df194aa7673244549e68d42c1685d03","0x4a903f36037da9dc1e1992bc7b8d511170000b07","","0","1","2283.12966713753","1352.44","0","","call",""
"0xe34a75e03f0138e79b140264c635af01a7f9b5a3d9f15f7ace15b656a28b3f14","15678517","1664931911","2022-10-05 01:05:11","0x7208deb6f9e75dab52a6e8ecb872fc32d3afbde8","0x2686a8919df194aa7673244549e68d42c1685d03","0","0x2686a8919df194aa7673244549e68d42c1685d03","0x179a862703a4adfb29896552df9e307980d19285","","0","1","2283.12966713753","1352.44","0","","call",""
"0xe66cc3a2b0ea50df81050a914b5d271f751b7faa39ddacf1364885872e39639d","15737155","1665639479","2022-10-13 05:37:59","0x026a2b839b96b1d97c09efce6e0d982976d4c4de","0x2686a8919df194aa7673244549e68d42c1685d03","0","0x2686a8919df194aa7673244549e68d42c1685d03","0xf540fdfa0a08303c918ad383251ce8c48c42c39a","","0","1","2283.12966713753","1287.51","0","","call",""
"0x1094765880e05845480260897e96522114fa6478c6f0b2feed500d676abcf27a","15761359","1665931523","2022-10-16 14:45:23","0xdbfd823e357f9f979de060b3717467fa8dd70ad1","0x2686a8919df194aa7673244549e68d42c1685d03","0","0x2686a8919df194aa7673244549e68d42c1685d03","0x82eb45562f991329ed2867f43fc60f0ba52c3dab","","0","0.0785","179.225678870296","1305.87","0","","call",""
"0x1094765880e05845480260897e96522114fa6478c6f0b2feed500d676abcf27a","15761359","1665931523","2022-10-16 14:45:23","0xdbfd823e357f9f979de060b3717467fa8dd70ad1","0x2686a8919df194aa7673244549e68d42c1685d03","0","0x2686a8919df194aa7673244549e68d42c1685d03","0x179a862703a4adfb29896552df9e307980d19285","","0","0.45","1027.40835021189","1305.87","0","","call",""
"0xa5f8ef29981ea48ec031f9aad93483c689420e83d9d606e161e2c1fc970f51b1","15918160","1667824259","2022-11-07 12:30:59","0xd908834b3e55e665086cf1916dc09a0ebc82d111","0x2686a8919df194aa7673244549e68d42c1685d03","0","0x2686a8919df194aa7673244549e68d42c1685d03","0x179a862703a4adfb29896552df9e307980d19285","","0","1","2283.12966713753","1568.45","0","","call",""
"0xa5f8ef29981ea48ec031f9aad93483c689420e83d9d606e161e2c1fc970f51b1","15918160","1667824259","2022-11-07 12:30:59","0xd908834b3e55e665086cf1916dc09a0ebc82d111","0x2686a8919df194aa7673244549e68d42c1685d03","0","0x2686a8919df194aa7673244549e68d42c1685d03","0xe126b3e5d052f1f575828f61feba4f4f2603652a","","0","1","2283.12966713753","1568.45","0","","call",""
"0xa5f8ef29981ea48ec031f9aad93483c689420e83d9d606e161e2c1fc970f51b1","15918160","1667824259","2022-11-07 12:30:59","0xd908834b3e55e665086cf1916dc09a0ebc82d111","0x2686a8919df194aa7673244549e68d42c1685d03","0","0x2686a8919df194aa7673244549e68d42c1685d03","0xc9c022fcfebe730710ae93ca9247c5ec9d9236d0","","0","1","2283.12966713753","1568.45","0","","call",""
"0xa5f8ef29981ea48ec031f9aad93483c689420e83d9d606e161e2c1fc970f51b1","15918160","1667824259","2022-11-07 12:30:59","0xd908834b3e55e665086cf1916dc09a0ebc82d111","0x2686a8919df194aa7673244549e68d42c1685d03","0","0x2686a8919df194aa7673244549e68d42c1685d03","0x627f84bb4bba3333f253f09fe22a445f195bcf34","","0","1","2283.12966713753","1568.45","0","","call",""
"0xa5f8ef29981ea48ec031f9aad93483c689420e83d9d606e161e2c1fc970f51b1","15918160","1667824259","2022-11-07 12:30:59","0xd908834b3e55e665086cf1916dc09a0ebc82d111","0x2686a8919df194aa7673244549e68d42c1685d03","0","0x2686a8919df194aa7673244549e68d42c1685d03","0x07590a393c67670463b80768feed264832541d51","","0","1","2283.12966713753","1568.45","0","","call",""
"0xa5f8ef29981ea48ec031f9aad93483c689420e83d9d606e161e2c1fc970f51b1","15918160","1667824259","2022-11-07 12:30:59","0xd908834b3e55e665086cf1916dc09a0ebc82d111","0x2686a8919df194aa7673244549e68d42c1685d03","0","0x2686a8919df194aa7673244549e68d42c1685d03","0x6dd6934452eb4e6d87b9c874ae0ef83ec3bd5803","","0","1","2283.12966713753","1568.45","0","","call",""
"0xa5f8ef29981ea48ec031f9aad93483c689420e83d9d606e161e2c1fc970f51b1","15918160","1667824259","2022-11-07 12:30:59","0xd908834b3e55e665086cf1916dc09a0ebc82d111","0x2686a8919df194aa7673244549e68d42c1685d03","0","0x2686a8919df194aa7673244549e68d42c1685d03","0x1b46f75ac63bc57dfe82a374bdcdbfb08d125792","","0","1","2283.12966713753","1568.45","0","","call",""
"0xa5f8ef29981ea48ec031f9aad93483c689420e83d9d606e161e2c1fc970f51b1","15918160","1667824259","2022-11-07 12:30:59","0xd908834b3e55e665086cf1916dc09a0ebc82d111","0x2686a8919df194aa7673244549e68d42c1685d03","0","0x2686a8919df194aa7673244549e68d42c1685d03","0x60583563d5879c2e59973e5718c7de2147971807","","0","1","2283.12966713753","1568.45","0","","call",""
"0xa5f8ef29981ea48ec031f9aad93483c689420e83d9d606e161e2c1fc970f51b1","15918160","1667824259","2022-11-07 12:30:59","0xd908834b3e55e665086cf1916dc09a0ebc82d111","0x2686a8919df194aa7673244549e68d42c1685d03","0","0x2686a8919df194aa7673244549e68d42c1685d03","0x63a556c75443b176b5a4078e929e38beb37a1ff2","","0","1","2283.12966713753","1568.45","0","","call",""
"0xa5f8ef29981ea48ec031f9aad93483c689420e83d9d606e161e2c1fc970f51b1","15918160","1667824259","2022-11-07 12:30:59","0xd908834b3e55e665086cf1916dc09a0ebc82d111","0x2686a8919df194aa7673244549e68d42c1685d03","0","0x2686a8919df194aa7673244549e68d42c1685d03","0x87c02352ad720889e5b5fbb541ff162da6690019","","0","1","2283.12966713753","1568.45","0","","call",""
"0x58601fa2beff8e634f05c347f1b3eae8bb6389e117063b918185f0d83ac09ca3","15932317","1667995043","2022-11-09 11:57:23","0xc2cbad9f0cba3b871e8a160cc945d720e75252ff","0x2686a8919df194aa7673244549e68d42c1685d03","0","0x2686a8919df194aa7673244549e68d42c1685d03","0x21532d4267648191bef7a33c813c43cf90a6fa78","","0","1","2283.12966713753","1104.17","0","","call",""
"0xa3acda7e3800481d9aeaf1f18dfb35d069606462d9e6eabd43f8e55aadeae678","15933290","1668006839","2022-11-09 15:13:59","0x82eb45562f991329ed2867f43fc60f0ba52c3dab","0x2686a8919df194aa7673244549e68d42c1685d03","0","0x2686a8919df194aa7673244549e68d42c1685d03","0x035032655b5b3784d359b56eb82c803bd971c582","","0","1","2283.12966713753","1104.17","0","","call",""
"0x1e5661870c19a8dcd6cce99033aba6326d9d1ffc44a38629a99db826b59503c0","16105553","1670085779","2022-12-03 16:42:59","0x82eb45562f991329ed2867f43fc60f0ba52c3dab","0x2686a8919df194aa7673244549e68d42c1685d03","0","0x2686a8919df194aa7673244549e68d42c1685d03","0xd9f8bf1f266e50bb4de528007f28c14bb7edaff7","","0","1","2283.12966713753","1241.13","0","","call",""
"0x1e5661870c19a8dcd6cce99033aba6326d9d1ffc44a38629a99db826b59503c0","16105553","1670085779","2022-12-03 16:42:59","0x82eb45562f991329ed2867f43fc60f0ba52c3dab","0x2686a8919df194aa7673244549e68d42c1685d03","0","0x2686a8919df194aa7673244549e68d42c1685d03","0xd07f6d1547a7a82a654ebc1f77091370906474d0","","0","1","2283.12966713753","1241.13","0","","call",""
"0x1e5661870c19a8dcd6cce99033aba6326d9d1ffc44a38629a99db826b59503c0","16105553","1670085779","2022-12-03 16:42:59","0x82eb45562f991329ed2867f43fc60f0ba52c3dab","0x2686a8919df194aa7673244549e68d42c1685d03","0","0x2686a8919df194aa7673244549e68d42c1685d03","0xb305acb336af101039c2a63bd3e6de05d72303a0","","0","1","2283.12966713753","1241.13","0","","call",""
"0x1e5661870c19a8dcd6cce99033aba6326d9d1ffc44a38629a99db826b59503c0","16105553","1670085779","2022-12-03 16:42:59","0x82eb45562f991329ed2867f43fc60f0ba52c3dab","0x2686a8919df194aa7673244549e68d42c1685d03","0","0x2686a8919df194aa7673244549e68d42c1685d03","0x11ee133a1408fe2d7c62296d7eb33f234b774503","","0","1","2283.12966713753","1241.13","0","","call",""
"0x1e5661870c19a8dcd6cce99033aba6326d9d1ffc44a38629a99db826b59503c0","16105553","1670085779","2022-12-03 16:42:59","0x82eb45562f991329ed2867f43fc60f0ba52c3dab","0x2686a8919df194aa7673244549e68d42c1685d03","0","0x2686a8919df194aa7673244549e68d42c1685d03","0x179a862703a4adfb29896552df9e307980d19285","","0","1","2283.12966713753","1241.13","0","","call",""
"0x3888a3ef1e53a59f422f8d4df92d6555644a4721301eb04354c89d5350f151f1","16201825","1671248843","2022-12-17 03:47:23","0x9bc6af5583b5278f3c50ed238e5c0fe8c126eb36","0x2686a8919df194aa7673244549e68d42c1685d03","0","0x2686a8919df194aa7673244549e68d42c1685d03","0xa74fc66e75f883ee8e60e287335436ca8e6a303c","","0","5","11415.6483356876","1187.11","0","","call",""
"0x36c3cd09598b04cb1c181e9d97a4a9420f59f5121380ffbe70a9af5c5f7af162","16221103","1671481343","2022-12-19 20:22:23","0xf0584bbeda83798a8680d145c1b5a805f9659df1","0x2686a8919df194aa7673244549e68d42c1685d03","0","0x2686a8919df194aa7673244549e68d42c1685d03","0xbd8ab85ab37e2fde983dffbb1feaad780eafddd6","","0","1.5","3424.6945007063","1167.68","0","","call",""
"0xdc020879d15af425a2eeedf7d8f40912ffe1095819894b17bc1c9501c0d1930e","16529275","1675197839","2023-01-31 20:43:59","0x82eb45562f991329ed2867f43fc60f0ba52c3dab","0xe8929029ea54113da91cdb8c9c1ba297cf803838","0","0xe8929029ea54113da91cdb8c9c1ba297cf803838","0x2686a8919df194aa7673244549e68d42c1685d03","","2","0","4566.25933427506","1585.47","0","","call",""
"0x1c59f0b0a7e14f4422afe3aaeed210da036c15c1570a0a1549019f4b62aa983e","16531625","1675226219","2023-02-01 04:36:59","0xe77d2e3adcf2ab187570c40512f9ccfb3858c23b","0x9718ba71dc1284842fce66dc3e34dffc6c630074","0","0x9718ba71dc1284842fce66dc3e34dffc6c630074","0x2686a8919df194aa7673244549e68d42c1685d03","","15.001877","0","34251.2304414482","1641.61","0","","call",""
"0xc5ba84ecb008d20e99b2d240aab796a1f7ec0afd798eb071b1fe6170f1dcc8ff","16536356","1675283351","2023-02-01 20:29:11","0xe77d2e3adcf2ab187570c40512f9ccfb3858c23b","0x593a50cf05359bc88474d86b06ec6e1c1a2a899f","0","0x593a50cf05359bc88474d86b06ec6e1c1a2a899f","0x2686a8919df194aa7673244549e68d42c1685d03","","5","0","11415.6483356876","1641.61","0","","call",""
"0xd8feed2155cc6285d1bf5a89836d8980e613268d583715f5fc5b3ae8c031c4d7","16590216","1675933823","2023-02-09 09:10:23","0xb8c2c29ee19d8307cb7255e1cd9cbde883a267d5","0x323a76393544d5ecca80cd6ef2a560c6a395b7e3","0","0xfe89cc7abb2c4183683ab71653c4cdc9b02d44b7","0x2686a8919df194aa7673244549e68d42c1685d03","","254","0","579914.935452933","1545.78","0","","call",""
"0xded64839aed83985995aa1f89f001c39b0ecb1bed07353f63e2b7f8e49f8b975","16654198","1676707259","2023-02-18 08:00:59","0xbc62bd48934190bdc1da963425b1e38a62187b56","0x2686a8919df194aa7673244549e68d42c1685d03","0","0x2686a8919df194aa7673244549e68d42c1685d03","0x9b9c249be04dd433c7e8fbbf5e61e6741b89966d","","0","10","22831.2966713753","1691.98","0","","call",""
"0xded64839aed83985995aa1f89f001c39b0ecb1bed07353f63e2b7f8e49f8b975","16654198","1676707259","2023-02-18 08:00:59","0xbc62bd48934190bdc1da963425b1e38a62187b56","0x2686a8919df194aa7673244549e68d42c1685d03","0","0x2686a8919df194aa7673244549e68d42c1685d03","0x69a79128462853833e22bba1a43bcdac4725761b","","0","11.42508","26084.9390974196","1691.98","0","","call",""
"0xded64839aed83985995aa1f89f001c39b0ecb1bed07353f63e2b7f8e49f8b975","16654198","1676707259","2023-02-18 08:00:59","0xbc62bd48934190bdc1da963425b1e38a62187b56","0x2686a8919df194aa7673244549e68d42c1685d03","0","0x2686a8919df194aa7673244549e68d42c1685d03","0xba0c461b22d918fb1f52fef556310230d177d1f2","","0","30","68493.8900141259","1691.98","0","","call",""
"0xded64839aed83985995aa1f89f001c39b0ecb1bed07353f63e2b7f8e49f8b975","16654198","1676707259","2023-02-18 08:00:59","0xbc62bd48934190bdc1da963425b1e38a62187b56","0x2686a8919df194aa7673244549e68d42c1685d03","0","0x2686a8919df194aa7673244549e68d42c1685d03","0x6a016548310076285668e2378df70bd545396b5a","","0","27","61644.5010127133","1691.98","0","","call",""
"0xded64839aed83985995aa1f89f001c39b0ecb1bed07353f63e2b7f8e49f8b975","16654198","1676707259","2023-02-18 08:00:59","0xbc62bd48934190bdc1da963425b1e38a62187b56","0x2686a8919df194aa7673244549e68d42c1685d03","0","0x2686a8919df194aa7673244549e68d42c1685d03","0x536013c57daf01d78e8a70cad1b1abada9411819","","0","10","22831.2966713753","1691.98","0","","call",""
"0xded64839aed83985995aa1f89f001c39b0ecb1bed07353f63e2b7f8e49f8b975","16654198","1676707259","2023-02-18 08:00:59","0xbc62bd48934190bdc1da963425b1e38a62187b56","0x2686a8919df194aa7673244549e68d42c1685d03","0","0x2686a8919df194aa7673244549e68d42c1685d03","0x0d06a817584ac378849f03df6f11a9ad67dd786d","","0","5","11415.6483356876","1691.98","0","","call",""
"0x77b2f34f3cc01e7b57618baad149a55dd9487490a8eb42876d86226e6ef4f4c2","16721263","1677521891","2023-02-27 18:18:11","0x0b1c215ad51a784d028be4acd5da8f274292d59e","0x2686a8919df194aa7673244549e68d42c1685d03","0","0x2686a8919df194aa7673244549e68d42c1685d03","0xf540fdfa0a08303c918ad383251ce8c48c42c39a","","0","1","2283.12966713753","1633.45","0","","call",""
"0xba1aea197874528834be02a4f5b95e2c5c0c204b8bb62a1cac6ed252cda07cc6","16837587","1678935431","2023-03-16 02:57:11","0xe77d2e3adcf2ab187570c40512f9ccfb3858c23b","0x2686a8919df194aa7673244549e68d42c1685d03","0","0x2686a8919df194aa7673244549e68d42c1685d03","0xb352bb4e2a4f27683435f153a259f1b207218b1b","","0","10","22831.2966713753","1677.00","0","","call",""
"0xf048138364ba1d2e2be0301eb986503579222687d75f0107a5dd87fdd523491f","16991600","1680809111","2023-04-06 19:25:11","0xdbfd823e357f9f979de060b3717467fa8dd70ad1","0x2686a8919df194aa7673244549e68d42c1685d03","0","0x2686a8919df194aa7673244549e68d42c1685d03","0xe76d6f8747a0e41c92567fa634335f97eb1597f4","","0","3.875","8847.12746015793","1873.09","0","","call",""
"0xf048138364ba1d2e2be0301eb986503579222687d75f0107a5dd87fdd523491f","16991600","1680809111","2023-04-06 19:25:11","0xdbfd823e357f9f979de060b3717467fa8dd70ad1","0x2686a8919df194aa7673244549e68d42c1685d03","0","0x2686a8919df194aa7673244549e68d42c1685d03","0xcfbfa40a9e0975eaca7fddb00de6a76f65e7a4ee","","0","1","2283.12966713753","1873.09","0","","call",""
"0xf048138364ba1d2e2be0301eb986503579222687d75f0107a5dd87fdd523491f","16991600","1680809111","2023-04-06 19:25:11","0xdbfd823e357f9f979de060b3717467fa8dd70ad1","0x2686a8919df194aa7673244549e68d42c1685d03","0","0x2686a8919df194aa7673244549e68d42c1685d03","0x9641297298c883b57b4dd2cfe07a37c80c858292","","0","1","2283.12966713753","1873.09","0","","call",""
"0xf048138364ba1d2e2be0301eb986503579222687d75f0107a5dd87fdd523491f","16991600","1680809111","2023-04-06 19:25:11","0xdbfd823e357f9f979de060b3717467fa8dd70ad1","0x2686a8919df194aa7673244549e68d42c1685d03","0","0x2686a8919df194aa7673244549e68d42c1685d03","0xb7ead405d0e8db1e315a609b4da10db0d3a2c550","","0","1","2283.12966713753","1873.09","0","","call",""
"0xf048138364ba1d2e2be0301eb986503579222687d75f0107a5dd87fdd523491f","16991600","1680809111","2023-04-06 19:25:11","0xdbfd823e357f9f979de060b3717467fa8dd70ad1","0x2686a8919df194aa7673244549e68d42c1685d03","0","0x2686a8919df194aa7673244549e68d42c1685d03","0xeade710befea2c53a9cd6d202b82793b02bbb1c5","","0","1.375","3139.3032923141","1873.09","0","","call",""
"0xf048138364ba1d2e2be0301eb986503579222687d75f0107a5dd87fdd523491f","16991600","1680809111","2023-04-06 19:25:11","0xdbfd823e357f9f979de060b3717467fa8dd70ad1","0x2686a8919df194aa7673244549e68d42c1685d03","0","0x2686a8919df194aa7673244549e68d42c1685d03","0x897f69ed59fd75098c060ce94e5e2b5dde976820","","0","0.375","856.173625176574","1873.09","0","","call",""
"0xf048138364ba1d2e2be0301eb986503579222687d75f0107a5dd87fdd523491f","16991600","1680809111","2023-04-06 19:25:11","0xdbfd823e357f9f979de060b3717467fa8dd70ad1","0x2686a8919df194aa7673244549e68d42c1685d03","0","0x2686a8919df194aa7673244549e68d42c1685d03","0x671028a812ab5f2feeb8982ac23b20708517c1ff","","0","1","2283.12966713753","1873.09","0","","call",""
"0xf048138364ba1d2e2be0301eb986503579222687d75f0107a5dd87fdd523491f","16991600","1680809111","2023-04-06 19:25:11","0xdbfd823e357f9f979de060b3717467fa8dd70ad1","0x2686a8919df194aa7673244549e68d42c1685d03","0","0x2686a8919df194aa7673244549e68d42c1685d03","0xf01dd015bc442d872275a79b9cae84a6ff9b2a27","","0","0.375","856.173625176574","1873.09","0","","call",""
"0xed379134ae45f309897c3ea837062913b5e4d1755efdfa294439aa09459ba683","17048014","1681507523","2023-04-14 21:25:23","0xdbfd823e357f9f979de060b3717467fa8dd70ad1","0x2686a8919df194aa7673244549e68d42c1685d03","0","0x2686a8919df194aa7673244549e68d42c1685d03","0x481f50a5bdccc0bc4322c4dca04301433ded50f0","","0","4","9132.51866855012","2101.61","0","","call",""
"0x41407e5c5414cd57eb5c9aa0dfb3b3a47c971675ba43a68e340fba6bb68073cc","17471809","1686668255","2023-06-13 14:57:35","0xe6f7e0add15c665f5ac2b0eedfd2e8578ef2bf8a","0x2686a8919df194aa7673244549e68d42c1685d03","0","0x2686a8919df194aa7673244549e68d42c1685d03","0x8189d57f4fa8fd85b82a74c6bff49a8002b2149d","","0","0.069","157.53594703249","1739.25","0","","call",""
"0x41407e5c5414cd57eb5c9aa0dfb3b3a47c971675ba43a68e340fba6bb68073cc","17471809","1686668255","2023-06-13 14:57:35","0xe6f7e0add15c665f5ac2b0eedfd2e8578ef2bf8a","0x2686a8919df194aa7673244549e68d42c1685d03","0","0x2686a8919df194aa7673244549e68d42c1685d03","0x035ebd096afa6b98372494c7f08f3402324117d3","","0","0.069","157.53594703249","1739.25","0","","call",""
"0x41407e5c5414cd57eb5c9aa0dfb3b3a47c971675ba43a68e340fba6bb68073cc","17471809","1686668255","2023-06-13 14:57:35","0xe6f7e0add15c665f5ac2b0eedfd2e8578ef2bf8a","0x2686a8919df194aa7673244549e68d42c1685d03","0","0x2686a8919df194aa7673244549e68d42c1685d03","0x4d9a0c7ed0d0156b79bfb3b6ae2e07512591ae9d","","0","0.069","157.53594703249","1739.25","0","","call",""
"0x41407e5c5414cd57eb5c9aa0dfb3b3a47c971675ba43a68e340fba6bb68073cc","17471809","1686668255","2023-06-13 14:57:35","0xe6f7e0add15c665f5ac2b0eedfd2e8578ef2bf8a","0x2686a8919df194aa7673244549e68d42c1685d03","0","0x2686a8919df194aa7673244549e68d42c1685d03","0x1d4f3eb7dcd7ee76f99c67a699de4da3b764b82d","","0","0.069","157.53594703249","1739.25","0","","call",""
"0x951103a878f371bd875a98afdf6970e1b457ab6560bf662fff744c75e14ad943","17471812","1686668291","2023-06-13 14:58:11","0x327d372f9b1d7ada2565c777b51f6f73b7b9279a","0x2686a8919df194aa7673244549e68d42c1685d03","0","0x2686a8919df194aa7673244549e68d42c1685d03","0xfac50fd9eb90c1a7c0bc7b739eb90f1bda06e9d0","","0","0.44","1004.57705354051","1739.25","0","","call",""
"0x5aa36079dba621dcdce06a9ca41f59f647e6b888cd26715fe09a7808e9e0e33f","17563539","1687781783","2023-06-26 12:16:23","0x0b1c215ad51a784d028be4acd5da8f274292d59e","0x2686a8919df194aa7673244549e68d42c1685d03","0","0x2686a8919df194aa7673244549e68d42c1685d03","0x8b6c27ec466923fad66ada94c78aa320ea876969","","0","0.7","1598.19076699627","1859.19","0","","call",""
"0x5aa36079dba621dcdce06a9ca41f59f647e6b888cd26715fe09a7808e9e0e33f","17563539","1687781783","2023-06-26 12:16:23","0x0b1c215ad51a784d028be4acd5da8f274292d59e","0x2686a8919df194aa7673244549e68d42c1685d03","0","0x2686a8919df194aa7673244549e68d42c1685d03","0x459efd5f53b4bb04b278925754fd427783831bc5","","0","0.7","1598.19076699627","1859.19","0","","call",""
"0x5aa36079dba621dcdce06a9ca41f59f647e6b888cd26715fe09a7808e9e0e33f","17563539","1687781783","2023-06-26 12:16:23","0x0b1c215ad51a784d028be4acd5da8f274292d59e","0x2686a8919df194aa7673244549e68d42c1685d03","0","0x2686a8919df194aa7673244549e68d42c1685d03","0xb835f2736a2bafafb8e4a250fe130dc08b74006e","","0","0.7","1598.19076699627","1859.19","0","","call",""
"0x5aa36079dba621dcdce06a9ca41f59f647e6b888cd26715fe09a7808e9e0e33f","17563539","1687781783","2023-06-26 12:16:23","0x0b1c215ad51a784d028be4acd5da8f274292d59e","0x2686a8919df194aa7673244549e68d42c1685d03","0","0x2686a8919df194aa7673244549e68d42c1685d03","0x0f9bd2a9e0d30f121c525db5419a07b08fce8440","","0","0.7","1598.19076699627","1859.19","0","","call",""
"0x5aa36079dba621dcdce06a9ca41f59f647e6b888cd26715fe09a7808e9e0e33f","17563539","1687781783","2023-06-26 12:16:23","0x0b1c215ad51a784d028be4acd5da8f274292d59e","0x2686a8919df194aa7673244549e68d42c1685d03","0","0x2686a8919df194aa7673244549e68d42c1685d03","0x9531c059098e3d194ff87febb587ab07b30b1306","","0","0.7","1598.19076699627","1859.19","0","","call",""
"0x5aa36079dba621dcdce06a9ca41f59f647e6b888cd26715fe09a7808e9e0e33f","17563539","1687781783","2023-06-26 12:16:23","0x0b1c215ad51a784d028be4acd5da8f274292d59e","0x2686a8919df194aa7673244549e68d42c1685d03","0","0x2686a8919df194aa7673244549e68d42c1685d03","0x6ea869b6870dd98552b0c7e47da90702a436358b","","0","0.7","1598.19076699627","1859.19","0","","call",""
"0x5aa36079dba621dcdce06a9ca41f59f647e6b888cd26715fe09a7808e9e0e33f","17563539","1687781783","2023-06-26 12:16:23","0x0b1c215ad51a784d028be4acd5da8f274292d59e","0x2686a8919df194aa7673244549e68d42c1685d03","0","0x2686a8919df194aa7673244549e68d42c1685d03","0x8b1f85a93ac6e4f62695ea8ef2410d248605feff","","0","0.7","1598.19076699627","1859.19","0","","call",""
"0xd87a95603774f753e1bb31d8b8c4937588f281d946b42fc35ab74c9be394435c","17987708","1692918167","2023-08-24 23:02:47","0xbc62bd48934190bdc1da963425b1e38a62187b56","0x2686a8919df194aa7673244549e68d42c1685d03","0","0x2686a8919df194aa7673244549e68d42c1685d03","0xb352bb4e2a4f27683435f153a259f1b207218b1b","","0","25","57078.2416784382","1660.49","0","","call",""
"0x3296d57610af4805ed5e25e8112d48ae47933049490348d3ee8d7cdadffeed65","17987740","1692918551","2023-08-24 23:09:11","0x146ddd79d5a764a23ad29dc5075dbb0c952f22c7","0x2686a8919df194aa7673244549e68d42c1685d03","0","0x2686a8919df194aa7673244549e68d42c1685d03","0x481f50a5bdccc0bc4322c4dca04301433ded50f0","","0","10","22831.2966713753","1660.49","0","","call",""
"0xe642125cf3f7997b6971b97a98c1fabe7a0d02ad3d155b4269e588c4a7e6afe4","18057480","1693762415","2023-09-03 17:33:35","0x0a57012d1378a8a25e03dd1d66215557458bb241","0x2686a8919df194aa7673244549e68d42c1685d03","0","0x2686a8919df194aa7673244549e68d42c1685d03","0xf540fdfa0a08303c918ad383251ce8c48c42c39a","","0","1","2283.12966713753","1635.73","0","","call",""
"0xdf3e588d1b1b97ca42fd89825b36f7ea4dd0e32002ff935cb75e1d8a29b0dfb8","18156937","1694968199","2023-09-17 16:29:59","0xdbfd823e357f9f979de060b3717467fa8dd70ad1","0x2686a8919df194aa7673244549e68d42c1685d03","0","0x2686a8919df194aa7673244549e68d42c1685d03","0x97843608a00e2bbc75ab0c1911387e002565dede","","0","15.381870312375022303","35118.8044462454","1623.06","0","","call",""
"0x8b845e9b1d6f877a80444ae0fbe235badc189bf2f8cb11f59ecbeb43e799d5f3","18543777","1699646267","2023-11-10 19:57:47","0x70b8769b09af7447886620c20854c8b9119b5fee","0x2686a8919df194aa7673244549e68d42c1685d03","0","0x2686a8919df194aa7673244549e68d42c1685d03","0x035ebd096afa6b98372494c7f08f3402324117d3","","0","2","4566.25933427506","2078.52","0","","call",""
"0x8b845e9b1d6f877a80444ae0fbe235badc189bf2f8cb11f59ecbeb43e799d5f3","18543777","1699646267","2023-11-10 19:57:47","0x70b8769b09af7447886620c20854c8b9119b5fee","0x2686a8919df194aa7673244549e68d42c1685d03","0","0x2686a8919df194aa7673244549e68d42c1685d03","0x8b1f85a93ac6e4f62695ea8ef2410d248605feff","","0","0.7","1598.19076699627","2078.52","0","","call",""
"0x8b845e9b1d6f877a80444ae0fbe235badc189bf2f8cb11f59ecbeb43e799d5f3","18543777","1699646267","2023-11-10 19:57:47","0x70b8769b09af7447886620c20854c8b9119b5fee","0x2686a8919df194aa7673244549e68d42c1685d03","0","0x2686a8919df194aa7673244549e68d42c1685d03","0x459efd5f53b4bb04b278925754fd427783831bc5","","0","0.7","1598.19076699627","2078.52","0","","call",""
"0x8b845e9b1d6f877a80444ae0fbe235badc189bf2f8cb11f59ecbeb43e799d5f3","18543777","1699646267","2023-11-10 19:57:47","0x70b8769b09af7447886620c20854c8b9119b5fee","0x2686a8919df194aa7673244549e68d42c1685d03","0","0x2686a8919df194aa7673244549e68d42c1685d03","0x2ac6a3561a43f06d62602ef9728c2b9eec393326","","0","3","6849.38900141259","2078.52","0","","call",""
"0x8b845e9b1d6f877a80444ae0fbe235badc189bf2f8cb11f59ecbeb43e799d5f3","18543777","1699646267","2023-11-10 19:57:47","0x70b8769b09af7447886620c20854c8b9119b5fee","0x2686a8919df194aa7673244549e68d42c1685d03","0","0x2686a8919df194aa7673244549e68d42c1685d03","0x1208a26faa0f4ac65b42098419eb4daa5e580ac6","","0","0.7","1598.19076699627","2078.52","0","","call",""
"0x8b845e9b1d6f877a80444ae0fbe235badc189bf2f8cb11f59ecbeb43e799d5f3","18543777","1699646267","2023-11-10 19:57:47","0x70b8769b09af7447886620c20854c8b9119b5fee","0x2686a8919df194aa7673244549e68d42c1685d03","0","0x2686a8919df194aa7673244549e68d42c1685d03","0x59ad62fe873409969ac636ec38edd000411b0847","","0","0.7","1598.19076699627","2078.52","0","","call",""
"0x8b845e9b1d6f877a80444ae0fbe235badc189bf2f8cb11f59ecbeb43e799d5f3","18543777","1699646267","2023-11-10 19:57:47","0x70b8769b09af7447886620c20854c8b9119b5fee","0x2686a8919df194aa7673244549e68d42c1685d03","0","0x2686a8919df194aa7673244549e68d42c1685d03","0xa74fc66e75f883ee8e60e287335436ca8e6a303c","","0","0.7","1598.19076699627","2078.52","0","","call",""
"0x8b845e9b1d6f877a80444ae0fbe235badc189bf2f8cb11f59ecbeb43e799d5f3","18543777","1699646267","2023-11-10 19:57:47","0x70b8769b09af7447886620c20854c8b9119b5fee","0x2686a8919df194aa7673244549e68d42c1685d03","0","0x2686a8919df194aa7673244549e68d42c1685d03","0x6ea869b6870dd98552b0c7e47da90702a436358b","","0","5","11415.6483356876","2078.52","0","","call",""
"0x8b845e9b1d6f877a80444ae0fbe235badc189bf2f8cb11f59ecbeb43e799d5f3","18543777","1699646267","2023-11-10 19:57:47","0x70b8769b09af7447886620c20854c8b9119b5fee","0x2686a8919df194aa7673244549e68d42c1685d03","0","0x2686a8919df194aa7673244549e68d42c1685d03","0x4dc96aad2daa3f84066f3a00ec41fd1e88c8865a","","0","0.7","1598.19076699627","2078.52","0","","call",""
"0x8b845e9b1d6f877a80444ae0fbe235badc189bf2f8cb11f59ecbeb43e799d5f3","18543777","1699646267","2023-11-10 19:57:47","0x70b8769b09af7447886620c20854c8b9119b5fee","0x2686a8919df194aa7673244549e68d42c1685d03","0","0x2686a8919df194aa7673244549e68d42c1685d03","0x102ef2536ef4cb29231fbadbb89c29f0db936231","","0","0.7","1598.19076699627","2078.52","0","","call",""
"0x466e38e4a2275a48a22bf1ad8ed478a8376445668d19b7eedef23427987b41c7","18766601","1702341767","2023-12-12 00:42:47","0xd908834b3e55e665086cf1916dc09a0ebc82d111","0x2686a8919df194aa7673244549e68d42c1685d03","0","0x2686a8919df194aa7673244549e68d42c1685d03","0x2ac6a3561a43f06d62602ef9728c2b9eec393326","","0","5","11415.6483356876","2202.33","0","","call",""
"0x466e38e4a2275a48a22bf1ad8ed478a8376445668d19b7eedef23427987b41c7","18766601","1702341767","2023-12-12 00:42:47","0xd908834b3e55e665086cf1916dc09a0ebc82d111","0x2686a8919df194aa7673244549e68d42c1685d03","0","0x2686a8919df194aa7673244549e68d42c1685d03","0x47c10b0491a138ddae6ccfa26f17adcfca299753","","0","3","6849.38900141259","2202.33","0","","call",""
"0x466e38e4a2275a48a22bf1ad8ed478a8376445668d19b7eedef23427987b41c7","18766601","1702341767","2023-12-12 00:42:47","0xd908834b3e55e665086cf1916dc09a0ebc82d111","0x2686a8919df194aa7673244549e68d42c1685d03","0","0x2686a8919df194aa7673244549e68d42c1685d03","0x8b1f85a93ac6e4f62695ea8ef2410d248605feff","","0","2","4566.25933427506","2202.33","0","","call",""
"0x466e38e4a2275a48a22bf1ad8ed478a8376445668d19b7eedef23427987b41c7","18766601","1702341767","2023-12-12 00:42:47","0xd908834b3e55e665086cf1916dc09a0ebc82d111","0x2686a8919df194aa7673244549e68d42c1685d03","0","0x2686a8919df194aa7673244549e68d42c1685d03","0x51050ec063d393217b436747617ad1c2285aeeee","","0","2","4566.25933427506","2202.33","0","","call",""
"0x466e38e4a2275a48a22bf1ad8ed478a8376445668d19b7eedef23427987b41c7","18766601","1702341767","2023-12-12 00:42:47","0xd908834b3e55e665086cf1916dc09a0ebc82d111","0x2686a8919df194aa7673244549e68d42c1685d03","0","0x2686a8919df194aa7673244549e68d42c1685d03","0x035ebd096afa6b98372494c7f08f3402324117d3","","0","2","4566.25933427506","2202.33","0","","call",""
"0x466e38e4a2275a48a22bf1ad8ed478a8376445668d19b7eedef23427987b41c7","18766601","1702341767","2023-12-12 00:42:47","0xd908834b3e55e665086cf1916dc09a0ebc82d111","0x2686a8919df194aa7673244549e68d42c1685d03","0","0x2686a8919df194aa7673244549e68d42c1685d03","0xa74fc66e75f883ee8e60e287335436ca8e6a303c","","0","0.7","1598.19076699627","2202.33","0","","call",""
"0x466e38e4a2275a48a22bf1ad8ed478a8376445668d19b7eedef23427987b41c7","18766601","1702341767","2023-12-12 00:42:47","0xd908834b3e55e665086cf1916dc09a0ebc82d111","0x2686a8919df194aa7673244549e68d42c1685d03","0","0x2686a8919df194aa7673244549e68d42c1685d03","0x6ea869b6870dd98552b0c7e47da90702a436358b","","0","0.7","1598.19076699627","2202.33","0","","call",""
"0x466e38e4a2275a48a22bf1ad8ed478a8376445668d19b7eedef23427987b41c7","18766601","1702341767","2023-12-12 00:42:47","0xd908834b3e55e665086cf1916dc09a0ebc82d111","0x2686a8919df194aa7673244549e68d42c1685d03","0","0x2686a8919df194aa7673244549e68d42c1685d03","0xbe86ad13bc8906b5fa41b6b60e949df8d23dde11","","0","0.7","1598.19076699627","2202.33","0","","call",""
"0x466e38e4a2275a48a22bf1ad8ed478a8376445668d19b7eedef23427987b41c7","18766601","1702341767","2023-12-12 00:42:47","0xd908834b3e55e665086cf1916dc09a0ebc82d111","0x2686a8919df194aa7673244549e68d42c1685d03","0","0x2686a8919df194aa7673244549e68d42c1685d03","0x4dc96aad2daa3f84066f3a00ec41fd1e88c8865a","","0","0.7","1598.19076699627","2202.33","0","","call",""
"0x466e38e4a2275a48a22bf1ad8ed478a8376445668d19b7eedef23427987b41c7","18766601","1702341767","2023-12-12 00:42:47","0xd908834b3e55e665086cf1916dc09a0ebc82d111","0x2686a8919df194aa7673244549e68d42c1685d03","0","0x2686a8919df194aa7673244549e68d42c1685d03","0xeed28010b97ec007dce8da01970dd60dab771bd8","","0","0.7","1598.19076699627","2202.33","0","","call",""
"0x896b460c1f3300cf0eca9531c99ecf925a9103933cf5cd66d513ad1a27818618","18877937","1703691503","2023-12-27 15:38:23","0x70b8769b09af7447886620c20854c8b9119b5fee","0x2686a8919df194aa7673244549e68d42c1685d03","0","0x2686a8919df194aa7673244549e68d42c1685d03","0x481f50a5bdccc0bc4322c4dca04301433ded50f0","","0","10","22831.2966713753","2380.34","0","","call",""
"0x244cd5110592def9acaae8ef17c67ae1434db364a63a3a4d05679a7a03bb9832","18877939","1703691527","2023-12-27 15:38:47","0x70b8769b09af7447886620c20854c8b9119b5fee","0x2686a8919df194aa7673244549e68d42c1685d03","0","0x2686a8919df194aa7673244549e68d42c1685d03","0xf540fdfa0a08303c918ad383251ce8c48c42c39a","","0","2","4566.25933427506","2380.34","0","","call",""
"0x68b44bb533c5a957937d28f5243aa805eeb36181cc1cf6a70506a042625b29cb","18886719","1703798183","2023-12-28 21:16:23","0x70b8769b09af7447886620c20854c8b9119b5fee","0xba0c461b22d918fb1f52fef556310230d177d1f2","0","0xba0c461b22d918fb1f52fef556310230d177d1f2","0x2686a8919df194aa7673244549e68d42c1685d03","","3.757","0","8577.7181594357","2345.44","0","","call",""
"0xa6760dbc5e75a22221466fa187a730923cc9fe7261c5b1d219819c1d5a17d69b","18934548","1704378287","2024-01-04 14:24:47","0x70b8769b09af7447886620c20854c8b9119b5fee","0x40a2accbd92bca938b02010e17a5b8929b49130d","0","0x69a79128462853833e22bba1a43bcdac4725761b","0x2686a8919df194aa7673244549e68d42c1685d03","","19.00000782","0","43379.4815296871","2269.47","0","","call",""
"0xc3e4eff211a11fc70872b3191ae8e26a2fdcb5ba7ca658496dc5cf3666417dd3","19078030","1706117831","2024-01-24 17:37:11","0x70b8769b09af7447886620c20854c8b9119b5fee","0x6a016548310076285668e2378df70bd545396b5a","0","0x6a016548310076285668e2378df70bd545396b5a","0x2686a8919df194aa7673244549e68d42c1685d03","","38","0","86758.9273512261","2234.13","0","","call",""
"0xb4a45a3e6b514c9805c847c530bede30e929cfe671827dd3d9eed4a36504ea73","19747318","1714228763","2024-04-27 14:39:23","0x38d6f9c9f20175c9fc475e452f1ae70a91506f2d","0x2686a8919df194aa7673244549e68d42c1685d03","0","0x2686a8919df194aa7673244549e68d42c1685d03","0x3aae10803fd40005a6132e6b9f5cd6ac0657bf60","","0","0.5","1141.56483356876","3253.23","0","","call",""
"0x2606d71061f425826f3f8fa40afa0d76ef208cf69e8496f9210b9d59cb3f14fb","20055039","1717945415","2024-06-09 15:03:35","0x70b8769b09af7447886620c20854c8b9119b5fee","0x2686a8919df194aa7673244549e68d42c1685d03","0","0x2686a8919df194aa7673244549e68d42c1685d03","0x253553366da8546fc250f225fe3d25d0c782303b","","0","0.176871743600995231","403.821125093775","3706.00","0","","call",""
"0x2606d71061f425826f3f8fa40afa0d76ef208cf69e8496f9210b9d59cb3f14fb","20055039","1717945415","2024-06-09 15:03:35","0x70b8769b09af7447886620c20854c8b9119b5fee","0x2686a8919df194aa7673244549e68d42c1685d03","0","0x253553366da8546fc250f225fe3d25d0c782303b","0x2686a8919df194aa7673244549e68d42c1685d03","","0.003468073403941082","0","7.91806127634852","3706.00","0","","call",""
"0x6e602cfcc753f894108c841e46c8e5fd4a7d2f9b64b01290e4b446d30140a987","20127643","1718822519","2024-06-19 18:41:59","0xd52f9ec96996e33fc705670a63b2e0a34fe91aa2","0x0d06a817584ac378849f03df6f11a9ad67dd786d","0","0x0d06a817584ac378849f03df6f11a9ad67dd786d","0x2686a8919df194aa7673244549e68d42c1685d03","","4.914179","0","11219.7078645242","3558.97","0","","call",""
"0xadf62a4f848e99a88d8aedb9c37fe5baaa37c1d8ee6f67c5c8811ec8998825a5","20571580","1724178023","2024-08-20 18:20:23","0x70b8769b09af7447886620c20854c8b9119b5fee","0x2686a8919df194aa7673244549e68d42c1685d03","0","0x2686a8919df194aa7673244549e68d42c1685d03","0x253553366da8546fc250f225fe3d25d0c782303b","","0","1.008796607044317051","2303.21346165056","2573.25","0","","call",""
"0xadf62a4f848e99a88d8aedb9c37fe5baaa37c1d8ee6f67c5c8811ec8998825a5","20571580","1724178023","2024-08-20 18:20:23","0x70b8769b09af7447886620c20854c8b9119b5fee","0x2686a8919df194aa7673244549e68d42c1685d03","0","0x253553366da8546fc250f225fe3d25d0c782303b","0x2686a8919df194aa7673244549e68d42c1685d03","","0.019780325628319942","0","45.1610482676581","2573.25","0","","call",""
"0x643b11eb77bc8ff747ea1fa819c8894d6bab9aa77ec09aa390301699ab174df1","20687023","1725571067","2024-09-05 21:17:47","0x9bc6af5583b5278f3c50ed238e5c0fe8c126eb36","0x2686a8919df194aa7673244549e68d42c1685d03","0","0x2686a8919df194aa7673244549e68d42c1685d03","0x1337e2624ffec537087c6774e9a18031cfeaf0a9","","0","1","2283.12966713753","2367.89","0","","call",""
"0x643b11eb77bc8ff747ea1fa819c8894d6bab9aa77ec09aa390301699ab174df1","20687023","1725571067","2024-09-05 21:17:47","0x9bc6af5583b5278f3c50ed238e5c0fe8c126eb36","0x2686a8919df194aa7673244549e68d42c1685d03","0","0x2686a8919df194aa7673244549e68d42c1685d03","0x571fd71e4ebc85037f5bb6439022e90ce260df39","","0","1","2283.12966713753","2367.89","0","","call",""
"0x643b11eb77bc8ff747ea1fa819c8894d6bab9aa77ec09aa390301699ab174df1","20687023","1725571067","2024-09-05 21:17:47","0x9bc6af5583b5278f3c50ed238e5c0fe8c126eb36","0x2686a8919df194aa7673244549e68d42c1685d03","0","0x2686a8919df194aa7673244549e68d42c1685d03","0x8d25687829d6b85d9e0020b8c89e3ca24de20a89","","0","1","2283.12966713753","2367.89","0","","call",""
"0x923d9c881a6666781708d44eeb547cc1d579b5a1b0d003fa4b9915b6fe67ebe3","20735067","1726150559","2024-09-12 14:15:59","0x70b8769b09af7447886620c20854c8b9119b5fee","0x2686a8919df194aa7673244549e68d42c1685d03","0","0x2686a8919df194aa7673244549e68d42c1685d03","0xc02aaa39b223fe8d0a0e5c4f27ead9083c756cc2","","0","90","205481.670042378","2361.91","0","","call",""
"0x4b9479cfa6b7157a69e53027fed066c220db993090e1ef096295f5538131a6ba","20851402","1727553851","2024-09-28 20:04:11","","","","0x2686a8919df194aa7673244549e68d42c1685d03","0xf540fdfa0a08303c918ad383251ce8c48c42c39a","","0","2.0","","2390.67","0","",""
