"Transaction Hash","Blockno","UnixTimestamp","DateTime (UTC)","ParentTxFrom","ParentTxTo","ParentTxETH_Value","From","TxTo","ContractAddress","Value_IN(ETH)","Value_OUT(ETH)","CurrentValue @ $3487.55843500542/Eth","Historical $Price/Eth","Status","ErrCode","Type"
"0x39effaa3280ee43c84af8db7936d0bf982bc72ea2f50af30bdcd5461eff6cdb5","13710360","1638213710","2021-11-29 19:21:50","0xb6e040c9ecaae172a89bd561c5f73e1c48d28cd9","0xcf60916b6cb4753f58533808fa610fcbd4098ec0","0","0xcf60916b6cb4753f58533808fa610fcbd4098ec0","0xfe89cc7abb2c4183683ab71653c4cdc9b02d44b7","","4369.256902770582850334","0","15238038.7659632","4448.49","0","","call",""
"0x3447f674b598cf8acf994937f028444487850713879618e4d5694f075b4648af","14491291","1648693789","2022-03-31 02:29:49","0xb8c2c29ee19d8307cb7255e1cd9cbde883a267d5","0x323a76393544d5ecca80cd6ef2a560c6a395b7e3","0","0xfe89cc7abb2c4183683ab71653c4cdc9b02d44b7","0x2686a8919df194aa7673244549e68d42c1685d03","","0","6","20925.3506100325","3282.78","0","","call",""
"0x3447f674b598cf8acf994937f028444487850713879618e4d5694f075b4648af","14491291","1648693789","2022-03-31 02:29:49","0xb8c2c29ee19d8307cb7255e1cd9cbde883a267d5","0x323a76393544d5ecca80cd6ef2a560c6a395b7e3","0","0xfe89cc7abb2c4183683ab71653c4cdc9b02d44b7","0x9718ba71dc1284842fce66dc3e34dffc6c630074","","0","1","3487.55843500542","3282.78","0","","call",""
"0xeca0a89b925bace80379b3b406ab21664262d3fb5536a3e4167c79668c097260","15342188","1660513350","2022-08-14 21:42:30","0xb8c2c29ee19d8307cb7255e1cd9cbde883a267d5","0x323a76393544d5ecca80cd6ef2a560c6a395b7e3","0","0xfe89cc7abb2c4183683ab71653c4cdc9b02d44b7","0x91c32893216de3ea0a55abb9851f581d4503d39b","","0","25","87188.9608751355","1936.02","0","","call",""
"0xeca0a89b925bace80379b3b406ab21664262d3fb5536a3e4167c79668c097260","15342188","1660513350","2022-08-14 21:42:30","0xb8c2c29ee19d8307cb7255e1cd9cbde883a267d5","0x323a76393544d5ecca80cd6ef2a560c6a395b7e3","0","0xfe89cc7abb2c4183683ab71653c4cdc9b02d44b7","0xcd42b4c4d102cc22864e3a1341bb0529c17fd87d","","0","90","313880.259150488","1936.02","0","","call",""
"0xeca0a89b925bace80379b3b406ab21664262d3fb5536a3e4167c79668c097260","15342188","1660513350","2022-08-14 21:42:30","0xb8c2c29ee19d8307cb7255e1cd9cbde883a267d5","0x323a76393544d5ecca80cd6ef2a560c6a395b7e3","0","0xfe89cc7abb2c4183683ab71653c4cdc9b02d44b7","0x2686a8919df194aa7673244549e68d42c1685d03","","0","156","544059.115860846","1936.02","0","","call",""
"0xc8d9642d71f6f1b391bef1721df445de003ac2b9e798af92b357ee7b2abe5eae","15735426","1665618671","2022-10-12 23:51:11","0x7830c87c02e56aff27fa8ab1241711331fa86f43","0xa9d1e08c7793af67e9d92fe308d5697fb81d3e43","0","0xa9d1e08c7793af67e9d92fe308d5697fb81d3e43","0xfe89cc7abb2c4183683ab71653c4cdc9b02d44b7","","0.01159232","0","40.428893397282","1294.29","0","","call",""
"0xc144bec998f8aa28caa8c0facc968f3bae20041cff88a8b8abc291ca1e7dda53","16590147","1675932983","2023-02-09 08:56:23","0xc3792470cee7e0d42c2be8e9552bd651766c5178","0x323a76393544d5ecca80cd6ef2a560c6a395b7e3","0","0x283af0b28c62c092c9727f1ee09c02ca627eb7f5","0xfe89cc7abb2c4183683ab71653c4cdc9b02d44b7","","37509.437571472566505637","0","130816355.394698","1545.78","0","","call",""
"0xc144bec998f8aa28caa8c0facc968f3bae20041cff88a8b8abc291ca1e7dda53","16590147","1675932983","2023-02-09 08:56:23","0xc3792470cee7e0d42c2be8e9552bd651766c5178","0x323a76393544d5ecca80cd6ef2a560c6a395b7e3","0","0xfe89cc7abb2c4183683ab71653c4cdc9b02d44b7","0xc02aaa39b223fe8d0a0e5c4f27ead9083c756cc2","","0","10000","34875584.3500542","1545.78","0","","call",""
"0xd8feed2155cc6285d1bf5a89836d8980e613268d583715f5fc5b3ae8c031c4d7","16590216","1675933823","2023-02-09 09:10:23","0xb8c2c29ee19d8307cb7255e1cd9cbde883a267d5","0x323a76393544d5ecca80cd6ef2a560c6a395b7e3","0","0xfe89cc7abb2c4183683ab71653c4cdc9b02d44b7","0x2686a8919df194aa7673244549e68d42c1685d03","","0","254","885839.842491377","1545.78","0","","call",""
"0xd8feed2155cc6285d1bf5a89836d8980e613268d583715f5fc5b3ae8c031c4d7","16590216","1675933823","2023-02-09 09:10:23","0xb8c2c29ee19d8307cb7255e1cd9cbde883a267d5","0x323a76393544d5ecca80cd6ef2a560c6a395b7e3","0","0xfe89cc7abb2c4183683ab71653c4cdc9b02d44b7","0x91c32893216de3ea0a55abb9851f581d4503d39b","","0","125","435944.804375677","1545.78","0","","call",""
"0xd8feed2155cc6285d1bf5a89836d8980e613268d583715f5fc5b3ae8c031c4d7","16590216","1675933823","2023-02-09 09:10:23","0xb8c2c29ee19d8307cb7255e1cd9cbde883a267d5","0x323a76393544d5ecca80cd6ef2a560c6a395b7e3","0","0xfe89cc7abb2c4183683ab71653c4cdc9b02d44b7","0xcd42b4c4d102cc22864e3a1341bb0529c17fd87d","","0","50","174377.921750271","1545.78","0","","call",""
"0xdbdfbff8222b97847bd3eeb07293362a75e6841c62c94cec050ed948dda6e638","16778476","1678217063","2023-03-07 19:24:23","0x4dbb085a1938096976f71b2819b8f1dfca452a05","0x323a76393544d5ecca80cd6ef2a560c6a395b7e3","0","0xfe89cc7abb2c4183683ab71653c4cdc9b02d44b7","0x4f2083f5fbede34c2714affb3105539775f7fe64","","0","16000","55800934.9600867","1561.63","0","","call",""
"0xdbdfbff8222b97847bd3eeb07293362a75e6841c62c94cec050ed948dda6e638","16778476","1678217063","2023-03-07 19:24:23","0x4dbb085a1938096976f71b2819b8f1dfca452a05","0x323a76393544d5ecca80cd6ef2a560c6a395b7e3","0","0xfe89cc7abb2c4183683ab71653c4cdc9b02d44b7","0x91c32893216de3ea0a55abb9851f581d4503d39b","","0","150","523133.765250813","1561.63","0","","call",""
"0xbe1fde3fee83d65c60c3d485e559593551738aac068a03a251c5fa6179e058bc","17103794","1682189591","2023-04-22 18:53:11","0x7830c87c02e56aff27fa8ab1241711331fa86f43","0xa9d1e08c7793af67e9d92fe308d5697fb81d3e43","0","0xa9d1e08c7793af67e9d92fe308d5697fb81d3e43","0xfe89cc7abb2c4183683ab71653c4cdc9b02d44b7","","0.0040954","0","14.2829468147212","1874.46","0","","call",""
"0x52ba5777d92f8497de2afa62d5c0df46f4491430ebeb304e28863b8ac3b038cc","17936050","1692293603","2023-08-17 17:33:23","0x52eaf3f04cbac0a4b9878a75ab2523722325d4d4","0x2a3dd3eb832af982ec71669e178424b10dca2ede","0","0x2a3dd3eb832af982ec71669e178424b10dca2ede","0xfe89cc7abb2c4183683ab71653c4cdc9b02d44b7","","0.005588184343025108","0","19.4891194418824","1681.86","0","","call",""
"0x5e67add44374f2b7360e6351ace9843b0a1ce1b81cb43cef0060eca9691063fc","18004821","1693125011","2023-08-27 08:30:11","0xa84bbdaf8846b89f2882a6fe49ed419e54a9544b","0x253553366da8546fc250f225fe3d25d0c782303b","0","0x253553366da8546fc250f225fe3d25d0c782303b","0xfe89cc7abb2c4183683ab71653c4cdc9b02d44b7","","2884.362137964296583888","0","10059381.5038676","1657.60","0","","call",""
"0x989b81b29ac7c974cf933e830fae84ddc1d913901d418e10a271022bdc8466a3","18040359","1693555091","2023-09-01 07:58:11","0xc99bd46eadb146b669053d19bd31239b220d185d","0x253553366da8546fc250f225fe3d25d0c782303b","0","0x253553366da8546fc250f225fe3d25d0c782303b","0xfe89cc7abb2c4183683ab71653c4cdc9b02d44b7","","84.830804673023219507","0","295852.388385699","1628.50","0","","call",""
"0xb4e89d7769398ae5c83bd824320ad84c399ac80b124c62654dab131f70c0f37d","18043902","1693597931","2023-09-01 19:52:11","0xa84bbdaf8846b89f2882a6fe49ed419e54a9544b","0x253553366da8546fc250f225fe3d25d0c782303b","0","0x253553366da8546fc250f225fe3d25d0c782303b","0xfe89cc7abb2c4183683ab71653c4cdc9b02d44b7","","14.855123286910375766","0","51808.1105223097","1628.50","0","","call",""
"0x3d725821db46a57cff2a33952fb3ba4ddb2ad1e034a49cb403db035fbc0d7ca8","18092530","1694186195","2023-09-08 15:16:35","0xa84bbdaf8846b89f2882a6fe49ed419e54a9544b","0x253553366da8546fc250f225fe3d25d0c782303b","0","0x253553366da8546fc250f225fe3d25d0c782303b","0xfe89cc7abb2c4183683ab71653c4cdc9b02d44b7","","126.885745089396579208","0","442521.450568473","1636.13","0","","call",""
"0xe108b7bc381b6e01fe32cea8f5e4f74fd43dddecae16d08377a75da7e8c1fbf7","18295763","1696647311","2023-10-07 02:55:11","0x6473428c33331f182b2dea80d3db194694d347de","0x323a76393544d5ecca80cd6ef2a560c6a395b7e3","0","0xfe89cc7abb2c4183683ab71653c4cdc9b02d44b7","0x91c32893216de3ea0a55abb9851f581d4503d39b","","0","117","408044.336895634","1634.64","0","","call",""
"0x8f858d0dfd4da34c49ad1b3ab0e632513dda4df9f1e12d174eab01c40763142f","18298489","1696680263","2023-10-07 12:04:23","0x07cd090220f96ea84f4d22aa68be4877ea286a9e","0x323a76393544d5ecca80cd6ef2a560c6a395b7e3","0","0xfe89cc7abb2c4183683ab71653c4cdc9b02d44b7","0x4f2083f5fbede34c2714affb3105539775f7fe64","","0","16000","55800934.9600867","1634.64","0","","call",""
"0x7eadcd845362e160fa4a6f1918132c1b2c918fdb25e81cc3358ca11ef8daa1fe","18614820","1700505335","2023-11-20 18:35:35","0xe52c39327ff7576baec3dbfef0787bd62db6d726","0x323a76393544d5ecca80cd6ef2a560c6a395b7e3","0","0xfe89cc7abb2c4183683ab71653c4cdc9b02d44b7","0x91c32893216de3ea0a55abb9851f581d4503d39b","","0","40","139502.337400217","2022.62","0","","call",""
"0x7eadcd845362e160fa4a6f1918132c1b2c918fdb25e81cc3358ca11ef8daa1fe","18614820","1700505335","2023-11-20 18:35:35","0xe52c39327ff7576baec3dbfef0787bd62db6d726","0x323a76393544d5ecca80cd6ef2a560c6a395b7e3","0","0xfe89cc7abb2c4183683ab71653c4cdc9b02d44b7","0xcd42b4c4d102cc22864e3a1341bb0529c17fd87d","","0","35","122064.54522519","2022.62","0","","call",""
"0xa45d774dec3398898af6031ef3da1cade73f7d293410a711a31fab9d22f67189","18760602","1702269155","2023-12-11 04:32:35","0x7d92c91482e41da910740986bfbee9856cccb21b","0x253553366da8546fc250f225fe3d25d0c782303b","0","0x253553366da8546fc250f225fe3d25d0c782303b","0xfe89cc7abb2c4183683ab71653c4cdc9b02d44b7","","1705.224398769236098359","0","5947069.7355047","2224.10","0","","call",""
"0x49d27ef94d1296697708a24498e836f742ef741399e7e1a85d0d192242910a01","18889105","1703827043","2023-12-29 05:17:23","0x225f137127d9067788314bc7fcc1f36746a3c3b5","0x253553366da8546fc250f225fe3d25d0c782303b","0","0x253553366da8546fc250f225fe3d25d0c782303b","0xfe89cc7abb2c4183683ab71653c4cdc9b02d44b7","","290.098200169610003627","0","1011734.42498141","2299.64","0","","call",""
"0x90d779f8cc7743d1692ec5941d09705d59a124c2af15fb64df145e64684ff93b","19111376","1706521547","2024-01-29 09:45:47","0x7690afb81b0f8a2fdd4ca79a6562d8fde6b4c0c8","0x253553366da8546fc250f225fe3d25d0c782303b","0","0x253553366da8546fc250f225fe3d25d0c782303b","0xfe89cc7abb2c4183683ab71653c4cdc9b02d44b7","","511.682435820071288553","0","1784522.39508841","2317.51","0","","call",""
"0x7d83082751e9e2544f1d2c9c36fd5a7255352f3e972f565a0b3d28a04036f33b","19120177","1706627975","2024-01-30 15:19:35","0x1e9f72c28b227cbb56577dc6f693b95237ac0bfe","0x253553366da8546fc250f225fe3d25d0c782303b","0","0x253553366da8546fc250f225fe3d25d0c782303b","0xfe89cc7abb2c4183683ab71653c4cdc9b02d44b7","","21.05989103822097003","0","73447.6006306426","2343.10","0","","call",""
"0x11e4eae371376d9a8923b35671aa51e594a111251267d2304be280d7ded08c25","19217981","1707813839","2024-02-13 08:43:59","0xd9a997a497f2a132c94ec6a04dfd59b44a27e320","0x253553366da8546fc250f225fe3d25d0c782303b","0","0x253553366da8546fc250f225fe3d25d0c782303b","0xfe89cc7abb2c4183683ab71653c4cdc9b02d44b7","","244.476122007166782332","0","852624.761463509","2641.60","0","","call",""
"0x1a4c131ae69506dc3afa4661dd16f47ff86587da50f991a3a75763bbeeff7582","19445825","1710572231","2024-03-16 06:57:11","0x7499e69e798c23a91d31e34f86d451dfe6de8251","0x253553366da8546fc250f225fe3d25d0c782303b","0","0x253553366da8546fc250f225fe3d25d0c782303b","0xfe89cc7abb2c4183683ab71653c4cdc9b02d44b7","","400.762493507312547001","0","1397682.61466523","3520.08","0","","call",""
"0x55e2a1025ae6d34f74d3adc58e2ccf0c3ad542bc2decf402cdd922be596a1cff","19554441","1711894991","2024-03-31 14:23:11","0x73aa2e635bd59c53f1152152a2274b05cbf75b73","0x253553366da8546fc250f225fe3d25d0c782303b","0","0x253553366da8546fc250f225fe3d25d0c782303b","0xfe89cc7abb2c4183683ab71653c4cdc9b02d44b7","","179.852947176418802487","0","627247.662985704","3645.98","0","","call",""
"0x8d6bcb7358f10397e7ca3a2d8b45393a1319b5b44cc873bdf0e5daed9a228217","19555190","1711904135","2024-03-31 16:55:35","0x420b0b2830e8403424bce84cce6d86d1ac0a3262","0x253553366da8546fc250f225fe3d25d0c782303b","0","0x253553366da8546fc250f225fe3d25d0c782303b","0xfe89cc7abb2c4183683ab71653c4cdc9b02d44b7","","1.779381055176831126","0","6205.6954080708","3645.98","0","","call",""
"0x040dac289546e0a90eaf6f403c85d10e9fbc24fc79786d5df54d407bb703ec95","19592569","1712356763","2024-04-05 22:39:23","0xcda2114f289c644c590ce27909966a0a8c3fad50","0x253553366da8546fc250f225fe3d25d0c782303b","0","0x253553366da8546fc250f225fe3d25d0c782303b","0xfe89cc7abb2c4183683ab71653c4cdc9b02d44b7","","45.164517455145231738","0","157513.893813641","3319.12","0","","call",""
"0xe78dbbb778b79c6e303428838bb84eee642d96216ec052b7e98d5e9eee8d9208","19592632","1712357519","2024-04-05 22:51:59","0xb143e901097da6d7da51e59af9a6cdc5eb1bdefa","0x253553366da8546fc250f225fe3d25d0c782303b","0","0x253553366da8546fc250f225fe3d25d0c782303b","0xfe89cc7abb2c4183683ab71653c4cdc9b02d44b7","","0.034594498840623289","0","120.650336236401","3319.12","0","","call",""
"0x58fae615d3b2174c51c088f50571629839d3df96b5af19aaf700bbcaece438f7","19592800","1712359535","2024-04-05 23:25:35","0x05f6167cbbdbd408288d66ee29f57ef8d0abcb8d","0x253553366da8546fc250f225fe3d25d0c782303b","0","0x253553366da8546fc250f225fe3d25d0c782303b","0xfe89cc7abb2c4183683ab71653c4cdc9b02d44b7","","0.234015724488297613","0","816.143513863067","3319.12","0","","call",""
"0x57ef3e03a315e3b63eece09714159c28b163b231d8748299431539511cee9b5d","19592917","1712360939","2024-04-05 23:48:59","0xe65b563e2f2e678fe07e776f284a5c48b50b7d00","0x253553366da8546fc250f225fe3d25d0c782303b","0","0x253553366da8546fc250f225fe3d25d0c782303b","0xfe89cc7abb2c4183683ab71653c4cdc9b02d44b7","","0.072766912117627511","0","253.77885814513","3319.12","0","","call",""
"0x50bbf0f7003612dd68617dc6875617e7b3a1e55b6158d8d04b408c8ab541176e","19593010","1712362091","2024-04-06 00:08:11","0x87781e4e75854644c5ca3c451f6e86d7c2550b38","0x253553366da8546fc250f225fe3d25d0c782303b","0","0x253553366da8546fc250f225fe3d25d0c782303b","0xfe89cc7abb2c4183683ab71653c4cdc9b02d44b7","","0.130957606775720646","0","456.722306138788","3352.40","0","","call",""
"0x8da77552f9410a24dc5dc2b4bae578874a869c020e7889dec2908ef9dda1bb70","19593128","1712363507","2024-04-06 00:31:47","0x9b0d4b28c1e856d9fbcaeee05e448d722934f0a0","0x253553366da8546fc250f225fe3d25d0c782303b","0","0x253553366da8546fc250f225fe3d25d0c782303b","0xfe89cc7abb2c4183683ab71653c4cdc9b02d44b7","","0.146051377853271138","0","509.36271477634","3352.40","0","","call",""
"0x89fa50f6e609c64d7eaf036e19dd736b168b020fc9380da36e8e6f2a7d3207e8","19593203","1712364419","2024-04-06 00:46:59","0x239fa13a5d1ae2a33b60af32c419f96be3514799","0x253553366da8546fc250f225fe3d25d0c782303b","0","0x253553366da8546fc250f225fe3d25d0c782303b","0xfe89cc7abb2c4183683ab71653c4cdc9b02d44b7","","0.091329995020449992","0","318.518694502573","3352.40","0","","call",""
"0x58ae905fb2bed016601c466d26159520bd3f855f784ebe3eb8c7125cdc8bda90","19593450","1712367407","2024-04-06 01:36:47","0x797d0c542dc4efb0a29ed1a727a626702316e6ae","0x253553366da8546fc250f225fe3d25d0c782303b","0","0x253553366da8546fc250f225fe3d25d0c782303b","0xfe89cc7abb2c4183683ab71653c4cdc9b02d44b7","","0.55513697315300369","0","1936.07263330314","3352.40","0","","call",""
"0x7a88df81533fbe8ca33721dbbbc3d1726fe2c9990d201412118d29f281e0e8d6","19593567","1712368835","2024-04-06 02:00:35","0xb1fc8bfd418c46f5be3f3232a77a5ed835aec146","0x253553366da8546fc250f225fe3d25d0c782303b","0","0x253553366da8546fc250f225fe3d25d0c782303b","0xfe89cc7abb2c4183683ab71653c4cdc9b02d44b7","","0.83961169375074476","0","2928.1948446696","3352.40","0","","call",""
"0xc101a29b813bfc5009e039665a6570e2c1adf7646d947adf3793f842f066b109","19593864","1712372423","2024-04-06 03:00:23","0x9294b54808be5c94dc546e45c5ded0790e172f82","0x253553366da8546fc250f225fe3d25d0c782303b","0","0x253553366da8546fc250f225fe3d25d0c782303b","0xfe89cc7abb2c4183683ab71653c4cdc9b02d44b7","","1.731845121875889655","0","6039.91106292125","3352.40","0","","call",""
"0x2034a3e8905ee383636de5fa69c372974b9ef953075f12056755b61ed93974a6","19594042","1712374571","2024-04-06 03:36:11","0xd44437170736b4187670929239fa7ddf65bccc57","0x253553366da8546fc250f225fe3d25d0c782303b","0","0x253553366da8546fc250f225fe3d25d0c782303b","0xfe89cc7abb2c4183683ab71653c4cdc9b02d44b7","","1.91741932977906501","0","6687.11195701342","3352.40","0","","call",""
"0x98fcffb94bfa2439da6108d3b6e569e9402a904b630ed7121139093df7c4e80c","19594404","1712378939","2024-04-06 04:48:59","0x0535a13de59bdbde5fe64d31af72d95c21496a2c","0x253553366da8546fc250f225fe3d25d0c782303b","0","0x253553366da8546fc250f225fe3d25d0c782303b","0xfe89cc7abb2c4183683ab71653c4cdc9b02d44b7","","2.148895083868513986","0","7494.39717568732","3352.40","0","","call",""
"0xc96236426b9ad508956e1fc894636a63c52284c5bd05deaa72b33f99198a0adf","19594480","1712379875","2024-04-06 05:04:35","0x356fac2caf2cdbb5de2e5cec25140ee73e7b5ccc","0x253553366da8546fc250f225fe3d25d0c782303b","0","0x253553366da8546fc250f225fe3d25d0c782303b","0xfe89cc7abb2c4183683ab71653c4cdc9b02d44b7","","0.426182592751249892","0","1486.3366962021","3352.40","0","","call",""
"0xe6b88a3efa3452a35b93500cbc27a14750fdfe0e13af15daa3cad04279c2b4d7","19594567","1712380919","2024-04-06 05:21:59","0x0b5133832dadba12a1d3c7f969d14f0ad991286a","0x253553366da8546fc250f225fe3d25d0c782303b","0","0x253553366da8546fc250f225fe3d25d0c782303b","0xfe89cc7abb2c4183683ab71653c4cdc9b02d44b7","","0.192068184205607342","0","669.849015922441","3352.40","0","","call",""
"0x92de7d95ca591acd61d9b14e563370846a0cb94b3d4c9fedf4b62e7d444d58ab","19594667","1712382131","2024-04-06 05:42:11","0x31d68b974498279929ea118c5d551c7d0a37120a","0x253553366da8546fc250f225fe3d25d0c782303b","0","0x253553366da8546fc250f225fe3d25d0c782303b","0xfe89cc7abb2c4183683ab71653c4cdc9b02d44b7","","0.249782948476580355","0","871.132628880022","3352.40","0","","call",""
"0x42570e63220d4c033e3e5dfd5b48ed6c247492fd771b1b9909f0efc970579dfa","19595072","1712387039","2024-04-06 07:03:59","0x8b41f423aed6415b102037616332387a7c1f3daf","0x253553366da8546fc250f225fe3d25d0c782303b","0","0x253553366da8546fc250f225fe3d25d0c782303b","0xfe89cc7abb2c4183683ab71653c4cdc9b02d44b7","","0.859962589281046444","0","2999.16978203622","3352.40","0","","call",""
"0xd654d94a0c1f236a8bb76a76208d01be362913c4f1a294d438466b417cf373a9","19595195","1712388527","2024-04-06 07:28:47","0x3c6061ddad216ec767186b8d73c8def0a53699f7","0x253553366da8546fc250f225fe3d25d0c782303b","0","0x253553366da8546fc250f225fe3d25d0c782303b","0xfe89cc7abb2c4183683ab71653c4cdc9b02d44b7","","1.09317107963961106","0","3812.49801970111","3352.40","0","","call",""
"0x010242aba84c5d5d0449f1603c5a432abdec3e110d41834aab974ae7fdb9dd01","19595543","1712392703","2024-04-06 08:38:23","0xa43c4baa50c3be4a9865fef38bf6fe6063357fb6","0x253553366da8546fc250f225fe3d25d0c782303b","0","0x253553366da8546fc250f225fe3d25d0c782303b","0xfe89cc7abb2c4183683ab71653c4cdc9b02d44b7","","0.694842305581368577","0","2423.30314382892","3352.40","0","","call",""
"0x1b3f4e2424ebc81de500de9a6761964cf998a95cb58a1fa4f5218e44cb401a72","19595783","1712395607","2024-04-06 09:26:47","0x38ab6ab58a38e094563078b764c9c4b74fcbf639","0x253553366da8546fc250f225fe3d25d0c782303b","0","0x253553366da8546fc250f225fe3d25d0c782303b","0xfe89cc7abb2c4183683ab71653c4cdc9b02d44b7","","0.651958437208484704","0","2273.7431469594","3352.40","0","","call",""
"0x15f108a8838370602007feae29af7a51bd5feebed7e219714d34c4a2f350e647","19595940","1712397515","2024-04-06 09:58:35","0x31b99e224e97694cca3a69e0bfbfc00a447ff9e7","0x253553366da8546fc250f225fe3d25d0c782303b","0","0x253553366da8546fc250f225fe3d25d0c782303b","0xfe89cc7abb2c4183683ab71653c4cdc9b02d44b7","","0.259778621458792229","0","905.993122502691","3352.40","0","","call",""
"0xa65788d2cd7e4b62bfaca7ebe54ad3aa4cad2a793b9dd1d908757024a9b49098","19596096","1712399411","2024-04-06 10:30:11","0x0c8056aca8150e8b92c1b0c6337c16aab910bcd5","0x253553366da8546fc250f225fe3d25d0c782303b","0","0x253553366da8546fc250f225fe3d25d0c782303b","0xfe89cc7abb2c4183683ab71653c4cdc9b02d44b7","","0.67761031766530619","0","2363.20557902034","3352.40","0","","call",""
"0xab0ca6f57328335ce44564153016a798c8ccc6e6c3f62558ee63601c2d8d529d","19596145","1712400011","2024-04-06 10:40:11","0xcddcbc05258f44f8dd4dd579298ccd0543707307","0x253553366da8546fc250f225fe3d25d0c782303b","0","0x253553366da8546fc250f225fe3d25d0c782303b","0xfe89cc7abb2c4183683ab71653c4cdc9b02d44b7","","0.070432976847819356","0","245.639122508154","3352.40","0","","call",""
"0x6c0a55e18738d304ce721bbb06d87848d3f5bda2e30f73c4d0ca1a523c803a60","19596676","1712406383","2024-04-06 12:26:23","0x9541777d077683f70c26dfe27fe456ee23d1e116","0x253553366da8546fc250f225fe3d25d0c782303b","0","0x253553366da8546fc250f225fe3d25d0c782303b","0xfe89cc7abb2c4183683ab71653c4cdc9b02d44b7","","0.969478415644158385","0","3381.11262603547","3352.40","0","","call",""
"0x68a82ddf24635a46ba68cc248248d6d0be3da058613f2d6c6188dcb7b1893125","19597542","1712416823","2024-04-06 15:20:23","0xc21c763c98ae453b32276a00270780f4cae7ecbe","0x253553366da8546fc250f225fe3d25d0c782303b","0","0x253553366da8546fc250f225fe3d25d0c782303b","0xfe89cc7abb2c4183683ab71653c4cdc9b02d44b7","","0.819890772351599099","0","2859.41697889793","3352.40","0","","call",""
"0x289c17b1b1206fe6a2c99e6ccb2823a854aa3efe3a311871de1ffbe8e5195c04","19597996","1712422319","2024-04-06 16:51:59","0xcf86b20e751715c86223a251afde8775dd7544c6","0x253553366da8546fc250f225fe3d25d0c782303b","0","0x253553366da8546fc250f225fe3d25d0c782303b","0xfe89cc7abb2c4183683ab71653c4cdc9b02d44b7","","0.76803719558929087","0","2678.57459987534","3352.40","0","","call",""
"0x8abfc65c6cd13b860b29dd44ba3b416e7dcbc24b2857f72efc71041b20117331","19598078","1712423303","2024-04-06 17:08:23","0xe02336b3fe23366d43beffda3e803de22a5fc3a4","0x253553366da8546fc250f225fe3d25d0c782303b","0","0x253553366da8546fc250f225fe3d25d0c782303b","0xfe89cc7abb2c4183683ab71653c4cdc9b02d44b7","","0.031450685686575639","0","109.686104152921","3352.40","0","","call",""
"0xa706c8b8b486cc7b3b749f326358c5a04058fcc42eedc9f3bd2871e87a47e55d","19598174","1712424491","2024-04-06 17:28:11","0xaa7241d1ae5fc2ea0f48c3a41ab980f0ea0e86d5","0x253553366da8546fc250f225fe3d25d0c782303b","0","0x253553366da8546fc250f225fe3d25d0c782303b","0xfe89cc7abb2c4183683ab71653c4cdc9b02d44b7","","0.0299548281192297","0","104.469213476357","3352.40","0","","call",""
"0xa00ea6f5cd2f04a272957646afbc14b3634158e7266f760a4848dad7c382fa73","19598244","1712425331","2024-04-06 17:42:11","0x643b7e3f047df43e774213fbefc4e030ac4cc148","0x253553366da8546fc250f225fe3d25d0c782303b","0","0x253553366da8546fc250f225fe3d25d0c782303b","0xfe89cc7abb2c4183683ab71653c4cdc9b02d44b7","","0.182724451527187837","0","637.262202205383","3352.40","0","","call",""
"0x107064b26166e5c008575ac930ecce892cc164c86551184cc69c26726cb019a3","19598356","1712426687","2024-04-06 18:04:47","0x28196ce09ff01375450a93a2851dc57a38ed2345","0x253553366da8546fc250f225fe3d25d0c782303b","0","0x253553366da8546fc250f225fe3d25d0c782303b","0xfe89cc7abb2c4183683ab71653c4cdc9b02d44b7","","0.076346563384468608","0","266.263101115179","3352.40","0","","call",""
"0x3e17ff4e7f20c544e23f09c1f8becedabda8580d87c9dfa233ccbae3282e5888","19599008","1712434667","2024-04-06 20:17:47","0x5de156d91a1802f54d4c367fc778d2e339e1b325","0x253553366da8546fc250f225fe3d25d0c782303b","0","0x253553366da8546fc250f225fe3d25d0c782303b","0xfe89cc7abb2c4183683ab71653c4cdc9b02d44b7","","1.320147251671931106","0","4604.09068301767","3352.40","0","","call",""
"0xf209784147b3fcde1d8174af1735b99b6ca8c033a16d18cd8455347bfb131a15","19599051","1712435195","2024-04-06 20:26:35","0xffcde60fdd8c920f29ef1e678ce2f07e72e8242b","0x253553366da8546fc250f225fe3d25d0c782303b","0","0x253553366da8546fc250f225fe3d25d0c782303b","0xfe89cc7abb2c4183683ab71653c4cdc9b02d44b7","","0.05746805458096626","0","200.423198497201","3352.40","0","","call",""
"0x991785c609d3ce90b70a0b0b8b9ef43959d582253de5b90d6a356889d7f39f42","19599067","1712435387","2024-04-06 20:29:47","0x78432d801f236ba190765027590b8e831786a0f1","0x253553366da8546fc250f225fe3d25d0c782303b","0","0x253553366da8546fc250f225fe3d25d0c782303b","0xfe89cc7abb2c4183683ab71653c4cdc9b02d44b7","","0.005970552421260808","0","20.8226504584102","3352.40","0","","call",""
"0x4f5e96d0ea01d4110a4ee7570c9fa6048229f2a2b22a6c43a11b56b34fa9e029","19599094","1712435711","2024-04-06 20:35:11","0x1973fa9706573d31c6e192b5bbc1adc1e94000cf","0x253553366da8546fc250f225fe3d25d0c782303b","0","0x253553366da8546fc250f225fe3d25d0c782303b","0xfe89cc7abb2c4183683ab71653c4cdc9b02d44b7","","0.046786516493011575","0","163.170710239723","3352.40","0","","call",""
"0x30bb3e434dfa6067f9eb0e1a0eddded33ce5fa1ee8769e0cf5cead89be1c5465","19599105","1712435843","2024-04-06 20:37:23","0x60f5a34552346e42ffe045e978a43cf01a749de0","0x253553366da8546fc250f225fe3d25d0c782303b","0","0x253553366da8546fc250f225fe3d25d0c782303b","0xfe89cc7abb2c4183683ab71653c4cdc9b02d44b7","","0.002985276210630404","0","10.4113252292051","3352.40","0","","call",""
"0x2c54770b635b61d844038fdab48014aa74bae2dd4b3fba5118c9a57c09a0351c","19599124","1712436071","2024-04-06 20:41:11","0xd4ea30aea0b40bab52989daa263e0df945c5076f","0x253553366da8546fc250f225fe3d25d0c782303b","0","0x253553366da8546fc250f225fe3d25d0c782303b","0xfe89cc7abb2c4183683ab71653c4cdc9b02d44b7","","0.027989691606266836","0","97.6156850546363","3352.40","0","","call",""
"0xc0c0829e1ce7c1e928f4fe8da9a100b52bd20b390eb710fe2e9fa94cbbf833f3","19599136","1712436215","2024-04-06 20:43:35","0x98488f6a8a0d7bb50e948b4b551dcd4970390df7","0x253553366da8546fc250f225fe3d25d0c782303b","0","0x253553366da8546fc250f225fe3d25d0c782303b","0xfe89cc7abb2c4183683ab71653c4cdc9b02d44b7","","0.008955828631891212","0","31.2339756876152","3352.40","0","","call",""
"0x9ab8b6186cc03db41e0b6b5e9bc90040b9bad441e1ba84b66e9db9dc3b32688e","19599148","1712436359","2024-04-06 20:45:59","0x4575c45106ebb542d2de0fa5bd07cdda3c2d78de","0x253553366da8546fc250f225fe3d25d0c782303b","0","0x253553366da8546fc250f225fe3d25d0c782303b","0xfe89cc7abb2c4183683ab71653c4cdc9b02d44b7","","0.015050850202280008","0","52.4907195769647","3352.40","0","","call",""
"0x66079471404c74f39e58d5360343e608ee312b16ab31ef256fde78862b6d0dfb","19599183","1712436779","2024-04-06 20:52:59","0xf7cc88582a99ba9891072cb7ddb92b7b74a6889a","0x253553366da8546fc250f225fe3d25d0c782303b","0","0x253553366da8546fc250f225fe3d25d0c782303b","0xfe89cc7abb2c4183683ab71653c4cdc9b02d44b7","","0.031889536756585006","0","111.216622903843","3352.40","0","","call",""
"0xdecc8a190c01e136eab4ad7cb9ec8224353b286cff41b27294a1609d2a341d0b","19599211","1712437115","2024-04-06 20:58:35","0x4b4a33a17ac1cff28f531ba78ffbd4189e1671b4","0x253553366da8546fc250f225fe3d25d0c782303b","0","0x253553366da8546fc250f225fe3d25d0c782303b","0xfe89cc7abb2c4183683ab71653c4cdc9b02d44b7","","0.263435737056181335","0","918.747526852155","3352.40","0","","call",""
"0x3574aa70cc9f160a3054db437e34ab8461eae9a49729c6bb85de01960336baec","19599250","1712437583","2024-04-06 21:06:23","0x3ec39b4ccd629243405514d13dd774de1bf5b6af","0x253553366da8546fc250f225fe3d25d0c782303b","0","0x253553366da8546fc250f225fe3d25d0c782303b","0xfe89cc7abb2c4183683ab71653c4cdc9b02d44b7","","0.010415841904604833","0","36.3258572920875","3352.40","0","","call",""
"0xe8a203600708fa2d7c1e64e3f92c69814fae06504aa0d17ff0587a48dbad657f","19599264","1712437751","2024-04-06 21:09:11","0x0521dbc3184432c5f55949c31608671265f84887","0x253553366da8546fc250f225fe3d25d0c782303b","0","0x253553366da8546fc250f225fe3d25d0c782303b","0xfe89cc7abb2c4183683ab71653c4cdc9b02d44b7","","0.004463932244830641","0","15.5682245537518","3352.40","0","","call",""
"0x82f674cd6c7a0a613499be1c1cff9e01b0a2e8d9f378eb31648dd5eaf1069b40","19599296","1712438135","2024-04-06 21:15:35","0xd83b2963fd2eba0c09a098950bf3d8f25e70ef86","0x253553366da8546fc250f225fe3d25d0c782303b","0","0x253553366da8546fc250f225fe3d25d0c782303b","0xfe89cc7abb2c4183683ab71653c4cdc9b02d44b7","","0.180910725000244487","0","630.936724957549","3352.40","0","","call",""
"0x58b7bd1a57d2cef1acb700f043608a311ac3b062420aa1ae82cfe372c4f936fe","19599373","1712439059","2024-04-06 21:30:59","0x603bff1060ed809432f94e2e48a156d76a7ab533","0x253553366da8546fc250f225fe3d25d0c782303b","0","0x253553366da8546fc250f225fe3d25d0c782303b","0xfe89cc7abb2c4183683ab71653c4cdc9b02d44b7","","0.111104949883072406","0","387.485005135564","3352.40","0","","call",""
"0xddc75a4ab4f97dc01ba7c65eedd258a0e9ac084d6bf763bb95789c24f6fbf951","19599386","1712439215","2024-04-06 21:33:35","0xc1ac1e7ca86ba2110f569a3c2501787e0642aa74","0x253553366da8546fc250f225fe3d25d0c782303b","0","0x253553366da8546fc250f225fe3d25d0c782303b","0xfe89cc7abb2c4183683ab71653c4cdc9b02d44b7","","0.001487977414943547","0","5.18940818458393","3352.40","0","","call",""
"0xf80f0a2ff082a707102679a6779432edb415c834c922268d36ac133c16dc3dc8","19599403","1712439419","2024-04-06 21:36:59","0x440f0c8a051bfcb35d6d2abe333f496f89010031","0x253553366da8546fc250f225fe3d25d0c782303b","0","0x253553366da8546fc250f225fe3d25d0c782303b","0xfe89cc7abb2c4183683ab71653c4cdc9b02d44b7","","0.035714423721848895","0","124.556139702492","3352.40","0","","call",""
"0x197f00467876106c4c69ca8f0a4745d4e4290eaf8572f3bc0a4f3460263b99fe","19599785","1712444027","2024-04-06 22:53:47","0x3ec39b4ccd629243405514d13dd774de1bf5b6af","0x253553366da8546fc250f225fe3d25d0c782303b","0","0x253553366da8546fc250f225fe3d25d0c782303b","0xfe89cc7abb2c4183683ab71653c4cdc9b02d44b7","","1.431500803047266027","0","4992.44270038452","3352.40","0","","call",""
"0x23bd3cf3d63732e71701bab4fdb17b34d6b674293d012bae9d6174b356316f42","19599819","1712444435","2024-04-06 23:00:35","0x78432d801f236ba190765027590b8e831786a0f1","0x253553366da8546fc250f225fe3d25d0c782303b","0","0x253553366da8546fc250f225fe3d25d0c782303b","0xfe89cc7abb2c4183683ab71653c4cdc9b02d44b7","","0.031119988202812555","0","108.532777353988","3352.40","0","","call",""
"0xa9d404d1cf7233676661a6e01c78d5eedd518680ba02a1bada5871652d194f27","19599840","1712444687","2024-04-06 23:04:47","0x0492060a0e7e351ceecc1c07e4382962e71eeed9","0x253553366da8546fc250f225fe3d25d0c782303b","0","0x253553366da8546fc250f225fe3d25d0c782303b","0xfe89cc7abb2c4183683ab71653c4cdc9b02d44b7","","0.023688999678418672","0","82.6167706453097","3352.40","0","","call",""
"0xe2896d3d0d71c2ad08d0b59418bbea09586a5a25c3148b6c7a2f8ef0a7923588","19599870","1712445059","2024-04-06 23:10:59","0xffcde60fdd8c920f29ef1e678ce2f07e72e8242b","0x253553366da8546fc250f225fe3d25d0c782303b","0","0x253553366da8546fc250f225fe3d25d0c782303b","0xfe89cc7abb2c4183683ab71653c4cdc9b02d44b7","","0.036898914754626292","0","128.687121395043","3352.40","0","","call",""
"0x40ad85c95e988425e101d42b36ddaad971d5a58a8c8bd4f3d4b5c3639f223b22","19599897","1712445395","2024-04-06 23:16:35","0x1688a3a0422809c044696fec8da1158277b1466f","0x253553366da8546fc250f225fe3d25d0c782303b","0","0x253553366da8546fc250f225fe3d25d0c782303b","0xfe89cc7abb2c4183683ab71653c4cdc9b02d44b7","","0.030909716099672734","0","107.799441107036","3352.40","0","","call",""
"0x4dd892383bcba641266fc2911672b76984f4eb5573421fbcce842ba374a88662","19599991","1712446523","2024-04-06 23:35:23","0xc6c51a0b9cb5277b56899aca64f286d371c482f8","0x253553366da8546fc250f225fe3d25d0c782303b","0","0x253553366da8546fc250f225fe3d25d0c782303b","0xfe89cc7abb2c4183683ab71653c4cdc9b02d44b7","","0.095883622253415993","0","334.399735568774","3352.40","0","","call",""
"0x3ae774138f2bd1818668b52799f88fdf72252f317d4d428c04219df816fa378f","19600042","1712447147","2024-04-06 23:45:47","0x0e54629b0cf4e8261d483ef30bbd1d35e83f3296","0x253553366da8546fc250f225fe3d25d0c782303b","0","0x253553366da8546fc250f225fe3d25d0c782303b","0xfe89cc7abb2c4183683ab71653c4cdc9b02d44b7","","0.060666143852811778","0","211.576721713126","3352.40","0","","call",""
"0x5833392a4fb4b8117ce941f63a3606844a505733c2b98ed7c24642aafc943d7f","19600053","1712447279","2024-04-06 23:47:59","0x6d15688712b533c6aa8255057d23b2fcc3097331","0x253553366da8546fc250f225fe3d25d0c782303b","0","0x253553366da8546fc250f225fe3d25d0c782303b","0xfe89cc7abb2c4183683ab71653c4cdc9b02d44b7","","0.008877972271143187","0","30.9624470799696","3352.40","0","","call",""
"0xb740c755d409d99459a22f07077593e39c8cbbad5dc626d6d06de1476804c460","19600087","1712447687","2024-04-06 23:54:47","0x603bff1060ed809432f94e2e48a156d76a7ab533","0x253553366da8546fc250f225fe3d25d0c782303b","0","0x253553366da8546fc250f225fe3d25d0c782303b","0xfe89cc7abb2c4183683ab71653c4cdc9b02d44b7","","0.089258473410489426","0","311.294141838459","3352.40","0","","call",""
"0x6244d2886ec0f9ae606a2de1d8f277e5af062892575f93e908fc661dc313cb87","19603479","1712488799","2024-04-07 11:19:59","0x28196ce09ff01375450a93a2851dc57a38ed2345","0x253553366da8546fc250f225fe3d25d0c782303b","0","0x253553366da8546fc250f225fe3d25d0c782303b","0xfe89cc7abb2c4183683ab71653c4cdc9b02d44b7","","9.964348964869733392","0","34751.249281769","3453.85","0","","call",""
"0x1c55c3e86ee283498fec379472c0905c7bfe9bd0b2a41b37b66dd7f30b69c447","19603535","1712489471","2024-04-07 11:31:11","0xb5b1925667873ee179da005f7d627a111a2b5720","0x253553366da8546fc250f225fe3d25d0c782303b","0","0x253553366da8546fc250f225fe3d25d0c782303b","0xfe89cc7abb2c4183683ab71653c4cdc9b02d44b7","","0.062393947170317328","0","217.602536747123","3453.85","0","","call",""
"0x8e616edd252d044f46419226c8ca4b9d18ed0227e5818fdb6da3cfbc274f56d4","19603609","1712490371","2024-04-07 11:46:11","0xd0bffb0d616b7cb4952dd41608e4914dc62874c2","0x253553366da8546fc250f225fe3d25d0c782303b","0","0x253553366da8546fc250f225fe3d25d0c782303b","0xfe89cc7abb2c4183683ab71653c4cdc9b02d44b7","","0.050104334909219735","0","174.741795842986","3453.85","0","","call",""
"0x7327d2257fd6fe6b6a1b26ad1792334ea73d00e217ec1cb935bd6dc7e4e8c01a","19603649","1712490851","2024-04-07 11:54:11","0xe3fac8eceacea00b750478bbb31c99b88f67d534","0x253553366da8546fc250f225fe3d25d0c782303b","0","0x253553366da8546fc250f225fe3d25d0c782303b","0xfe89cc7abb2c4183683ab71653c4cdc9b02d44b7","","0.114945238909386461","0","400.878237522144","3453.85","0","","call",""
"0x28ccdad911ec82e77bf35b228139d4088f24cf980e0c5c5ca7861ab97df2f620","19630314","1712813483","2024-04-11 05:31:23","0x94eb929c1ef69e454f8465fd3b55e01377534400","0x253553366da8546fc250f225fe3d25d0c782303b","0","0x253553366da8546fc250f225fe3d25d0c782303b","0xfe89cc7abb2c4183683ab71653c4cdc9b02d44b7","","38.225567109125641403","0","133313.899004297","3503.21","0","","call",""
"0x6dd29aa9d86bc998d63ec95f17e07e4f7c3089c319baa188039eb556e15781e4","19630449","1712815139","2024-04-11 05:58:59","0x5b14759883d6de89b29622ac490962c719809ccb","0x253553366da8546fc250f225fe3d25d0c782303b","0","0x253553366da8546fc250f225fe3d25d0c782303b","0xfe89cc7abb2c4183683ab71653c4cdc9b02d44b7","","0.607279877500792585","0","2117.92405918695","3503.21","0","","call",""
"0xb56b58777bd19cc33915860c4dbf89b36f722ff67b39a9e218fdbd00f720d079","19630621","1712817227","2024-04-11 06:33:47","0xe2e9deb14bd36fea63b730b5440036a87756c9eb","0x253553366da8546fc250f225fe3d25d0c782303b","0","0x253553366da8546fc250f225fe3d25d0c782303b","0xfe89cc7abb2c4183683ab71653c4cdc9b02d44b7","","0.173958423936820289","0","606.690168741106","3503.21","0","","call",""
"0x206964a952aa95c8feb8e28393eeb4c7c544b58c9fe59549fd0ce7fd7a8fbe0a","19631519","1712828075","2024-04-11 09:34:35","0x672bddcb1f02fca806fd2fe97b4dfa12b0550ef8","0x253553366da8546fc250f225fe3d25d0c782303b","0","0x253553366da8546fc250f225fe3d25d0c782303b","0xfe89cc7abb2c4183683ab71653c4cdc9b02d44b7","","1.07136323440916981","0","3736.44188511839","3503.21","0","","call",""
"0x046e39daf5d11e9ac9d2b16aba6f9ae5dd240a244f44cc81fb9ce3069ca7a2cb","19637746","1712903423","2024-04-12 06:30:23","0x8df8d708815c7d8b54ab0fb4b4c00528c21fb98b","0x253553366da8546fc250f225fe3d25d0c782303b","0","0x253553366da8546fc250f225fe3d25d0c782303b","0xfe89cc7abb2c4183683ab71653c4cdc9b02d44b7","","11.074148472268470416","0","38621.7399149623","3239.12","0","","call",""
"0x9fa865c3ae779aba6f882f0a410a1cb406da5bda6dadaa0bcdd3449d925f2ab9","19637937","1712905727","2024-04-12 07:08:47","0x04f98bb2365ca270eec33c449587b2f9b7aaf622","0x253553366da8546fc250f225fe3d25d0c782303b","0","0x253553366da8546fc250f225fe3d25d0c782303b","0xfe89cc7abb2c4183683ab71653c4cdc9b02d44b7","","0.142662420345392311","0","497.543527433862","3239.12","0","","call",""
"0x543fa56b97a0a05a301f138ea49338256915f4d6772d7cb6f7c97e0e942dd52b","19638265","1712909675","2024-04-12 08:14:35","0x6a22865dcc60f4a37b9d0b3658c4bd1c611e5c05","0x253553366da8546fc250f225fe3d25d0c782303b","0","0x253553366da8546fc250f225fe3d25d0c782303b","0xfe89cc7abb2c4183683ab71653c4cdc9b02d44b7","","0.073311471151529946","0","255.678039597175","3239.12","0","","call",""
"0xd6f67efec84eab3be5babc6ef53172e5d17446783cbd985f5d9f30110ac8d5c7","19639005","1712918567","2024-04-12 10:42:47","0x10353e3686dff1ae59f027751556717601aa5df6","0x253553366da8546fc250f225fe3d25d0c782303b","0","0x253553366da8546fc250f225fe3d25d0c782303b","0xfe89cc7abb2c4183683ab71653c4cdc9b02d44b7","","1.04841998248633402","0","3656.42595334845","3239.12","0","","call",""
"0xdc564da0350bf91bf7fd41b6e6093c15db0689fcbe3250570b481daa582d76e2","19639088","1712919563","2024-04-12 10:59:23","0x4feefab4e3f8b4468b0fa58a3f2be59766e132a5","0x253553366da8546fc250f225fe3d25d0c782303b","0","0x253553366da8546fc250f225fe3d25d0c782303b","0xfe89cc7abb2c4183683ab71653c4cdc9b02d44b7","","0.122154105629886605","0","426.019581460054","3239.12","0","","call",""
"0xe30a1f8195c72a5e68e603fdebf335c07c32004bf6e4739e66657eb0ea7a4ea6","19639256","1712921603","2024-04-12 11:33:23","0x98488f6a8a0d7bb50e948b4b551dcd4970390df7","0x253553366da8546fc250f225fe3d25d0c782303b","0","0x253553366da8546fc250f225fe3d25d0c782303b","0xfe89cc7abb2c4183683ab71653c4cdc9b02d44b7","","0.113387168530792549","0","395.444376030947","3239.12","0","","call",""
"0xff8a0e33933038ed5359814977bf26425a778001d51696a4d0ae08a9f80fde92","19644308","1712982899","2024-04-13 04:34:59","0x643b7e3f047df43e774213fbefc4e030ac4cc148","0x253553366da8546fc250f225fe3d25d0c782303b","0","0x253553366da8546fc250f225fe3d25d0c782303b","0xfe89cc7abb2c4183683ab71653c4cdc9b02d44b7","","3.32812933767102015","0","11607.0455443836","3011.51","0","","call",""
"0xe3981e383a7e97fbe1035cc5579f08318f1a376ea30a0d86a37a7cb9f59cf32b","19645053","1712991935","2024-04-13 07:05:35","0x9541777d077683f70c26dfe27fe456ee23d1e116","0x253553366da8546fc250f225fe3d25d0c782303b","0","0x253553366da8546fc250f225fe3d25d0c782303b","0xfe89cc7abb2c4183683ab71653c4cdc9b02d44b7","","0.945032559759339806","0","3295.85627514345","3011.51","0","","call",""
"0xe0f26b96101bdf7da95f18ce67ff82965719b2ede23e91526c97cae504e1714c","19645189","1712993567","2024-04-13 07:32:47","0xb74de2ce01996bf3f85aca16e0eb7beda00fdd06","0x253553366da8546fc250f225fe3d25d0c782303b","0","0x253553366da8546fc250f225fe3d25d0c782303b","0xfe89cc7abb2c4183683ab71653c4cdc9b02d44b7","","0.469871183838170236","0","1638.70321056079","3011.51","0","","call",""
"0xd117553cb9742f9ecab34c813d0b5f5bd27f0fce59b6105f75a10d3a34f721d5","19645494","1712997263","2024-04-13 08:34:23","0xb029c188d60a2f57e379395befa7cd0d2957890a","0x253553366da8546fc250f225fe3d25d0c782303b","0","0x253553366da8546fc250f225fe3d25d0c782303b","0xfe89cc7abb2c4183683ab71653c4cdc9b02d44b7","","1.044363162765965162","0","3642.27755751338","3011.51","0","","call",""
"0xe57f64f5469adcb48d7a96be4124aa1d8a425e26241d91a85e1834709c64e3aa","19646305","1713007127","2024-04-13 11:18:47","0xcddcbc05258f44f8dd4dd579298ccd0543707307","0x253553366da8546fc250f225fe3d25d0c782303b","0","0x253553366da8546fc250f225fe3d25d0c782303b","0xfe89cc7abb2c4183683ab71653c4cdc9b02d44b7","","1.233575379027951414","0","4302.16621834394","3011.51","0","","call",""
"0xf066498d8bb144600252490c388187e04447f245ecb9e380f169dc59d71651ba","19646658","1713011399","2024-04-13 12:29:59","0x427f45cf62bc497ff9caf81fbeacf4a0b43e7b2a","0x253553366da8546fc250f225fe3d25d0c782303b","0","0x253553366da8546fc250f225fe3d25d0c782303b","0xfe89cc7abb2c4183683ab71653c4cdc9b02d44b7","","0.912374332379591549","0","3181.95879877288","3011.51","0","","call",""
"0x287ec3c923f6bc1fba38534cce2ad31136097387db871dcdebfbfb17f10518a5","19646798","1713013079","2024-04-13 12:57:59","0xd44437170736b4187670929239fa7ddf65bccc57","0x253553366da8546fc250f225fe3d25d0c782303b","0","0x253553366da8546fc250f225fe3d25d0c782303b","0xfe89cc7abb2c4183683ab71653c4cdc9b02d44b7","","0.274521684267968689","0","957.410415560649","3011.51","0","","call",""
"0x568207e750a65baa60f0e299f3f8c4213e8df8be25fa8b884cb2d31661efdeba","19647023","1713015803","2024-04-13 13:43:23","0xb9af2878eb4039f6219998b9fbe3e3a0e9c85e7b","0x253553366da8546fc250f225fe3d25d0c782303b","0","0x253553366da8546fc250f225fe3d25d0c782303b","0xfe89cc7abb2c4183683ab71653c4cdc9b02d44b7","","0.373651161685242017","0","1303.13026068494","3011.51","0","","call",""
"0x7896725b462d74bd7e00de4524b1c7f369258554196f09a816ffdb4c14bc0548","19647183","1713017759","2024-04-13 14:15:59","0xe52c39327ff7576baec3dbfef0787bd62db6d726","0x323a76393544d5ecca80cd6ef2a560c6a395b7e3","0","0xfe89cc7abb2c4183683ab71653c4cdc9b02d44b7","0xcd42b4c4d102cc22864e3a1341bb0529c17fd87d","","0","21.5","74982.5063526165","3011.51","0","","call",""
"0x152a65160749725a35d6083ed2bd709d7f3690fc9117588e28269417da132009","19647796","1713025151","2024-04-13 16:19:11","0x51c288aa3384ae053755992dd797d430ec2cb5fa","0x253553366da8546fc250f225fe3d25d0c782303b","0","0x253553366da8546fc250f225fe3d25d0c782303b","0xfe89cc7abb2c4183683ab71653c4cdc9b02d44b7","","0.508958151985141635","0","1775.02129602055","3011.51","0","","call",""
"0x90b245413029fa57694b3beb4b9f174287c77061f60e157b1d1f6b7a117d3a86","19647917","1713026639","2024-04-13 16:43:59","0xa43c4baa50c3be4a9865fef38bf6fe6063357fb6","0x253553366da8546fc250f225fe3d25d0c782303b","0","0x253553366da8546fc250f225fe3d25d0c782303b","0xfe89cc7abb2c4183683ab71653c4cdc9b02d44b7","","0.193467126142077908","0","674.727907673061","3011.51","0","","call",""
"0x61f44726503179e26b270488989db0b9437ab37309ad1641623ce03d786b4d37","19650118","1713053435","2024-04-14 00:10:35","0x87781e4e75854644c5ca3c451f6e86d7c2550b38","0x253553366da8546fc250f225fe3d25d0c782303b","0","0x253553366da8546fc250f225fe3d25d0c782303b","0xfe89cc7abb2c4183683ab71653c4cdc9b02d44b7","","1.761330259322736007","0","6142.74220273129","3158.26","0","","call",""
"0x3402afbfb234c47486fe6abd6abfcd4bb76b6de56b848f6eabab0b0ef90d7e31","19650299","1713055631","2024-04-14 00:47:11","0x9294b54808be5c94dc546e45c5ded0790e172f82","0x253553366da8546fc250f225fe3d25d0c782303b","0","0x253553366da8546fc250f225fe3d25d0c782303b","0xfe89cc7abb2c4183683ab71653c4cdc9b02d44b7","","0.070195465119521945","0","244.810786476718","3158.26","0","","call",""
"0xaf981bafcacdf59094cc96b776cf1cbacd725ab95516d4d71e9bfe4364d1d61e","19650466","1713057647","2024-04-14 01:20:47","0x9541777d077683f70c26dfe27fe456ee23d1e116","0x253553366da8546fc250f225fe3d25d0c782303b","0","0x253553366da8546fc250f225fe3d25d0c782303b","0xfe89cc7abb2c4183683ab71653c4cdc9b02d44b7","","0.173905881867824079","0","606.506925205186","3158.26","0","","call",""
"0x408cc0f07bbe0a1361b916122308957a2374072f247ca2ae6673f82deae8a38d","19650738","1713060923","2024-04-14 02:15:23","0x69a7e81406f429b25fd37b04bdb37cbc45107907","0x253553366da8546fc250f225fe3d25d0c782303b","0","0x253553366da8546fc250f225fe3d25d0c782303b","0xfe89cc7abb2c4183683ab71653c4cdc9b02d44b7","","0.08929774197079997","0","311.431093237201","3158.26","0","","call",""
"0x17807918e1859b359631fa41c179c1332a0981450f55de749c94be6734d1e826","19650953","1713063551","2024-04-14 02:59:11","0xc4b9049efd8b64f8cbdbc1b7946e72e67a970712","0x253553366da8546fc250f225fe3d25d0c782303b","0","0x253553366da8546fc250f225fe3d25d0c782303b","0xfe89cc7abb2c4183683ab71653c4cdc9b02d44b7","","0.336082453123218877","0","1172.1071942472","3158.26","0","","call",""
"0xa63d57f48b80b2f4b30ce44668e1c896bd91a48d47404227bce6f4729105a493","19651177","1713066275","2024-04-14 03:44:35","0x9c202658828bc8691563705b04fbd0407e8ccd2e","0x253553366da8546fc250f225fe3d25d0c782303b","0","0x253553366da8546fc250f225fe3d25d0c782303b","0xfe89cc7abb2c4183683ab71653c4cdc9b02d44b7","","0.101847469834071374","0","355.199002503776","3158.26","0","","call",""
"0xf5fdabbf018aa39139bcb156acea12cece4a600c423fd0453eab45b14e00e847","19651388","1713068831","2024-04-14 04:27:11","0x10353e3686dff1ae59f027751556717601aa5df6","0x253553366da8546fc250f225fe3d25d0c782303b","0","0x253553366da8546fc250f225fe3d25d0c782303b","0xfe89cc7abb2c4183683ab71653c4cdc9b02d44b7","","0.295081532249691912","0","1029.11408681174","3158.26","0","","call",""
"0x77fb4fdb3db2a924b4d236d7a787a48405319a66b862b5af81818ad4aed6cfed","19651553","1713070847","2024-04-14 05:00:47","0xf6927489769a6938372c9caeef8eb48d38dac996","0x253553366da8546fc250f225fe3d25d0c782303b","0","0x253553366da8546fc250f225fe3d25d0c782303b","0xfe89cc7abb2c4183683ab71653c4cdc9b02d44b7","","0.317365764893447072","0","1106.83165033609","3158.26","0","","call",""
"0xf61d1a696120c573edcdddbbf0bff439868d88e08de585df4305e3f1179d0c9a","19651704","1713072671","2024-04-14 05:31:11","0x162cfa9c08f46ab292eea357d35f54220fafa483","0x253553366da8546fc250f225fe3d25d0c782303b","0","0x253553366da8546fc250f225fe3d25d0c782303b","0xfe89cc7abb2c4183683ab71653c4cdc9b02d44b7","","0.12805829420479867","0","446.610784126351","3158.26","0","","call",""
"0xa6ce119ef1e9f1453ea8abda573e951cb913cb039955480a7da27b8dccdee235","19652030","1713076643","2024-04-14 06:37:23","0x19b285f64880e91802214fa1fc8fcd9d0778bd2f","0x253553366da8546fc250f225fe3d25d0c782303b","0","0x253553366da8546fc250f225fe3d25d0c782303b","0xfe89cc7abb2c4183683ab71653c4cdc9b02d44b7","","1.052772639153299731","0","3671.60609782201","3158.26","0","","call",""
"0x677335ee5025d05247ffc13b79f4ba658660c9b2d0add3573aa80e7d4834ee03","19652140","1713077999","2024-04-14 06:59:59","0x61e76db258905b18c3270ab349568483f521b159","0x253553366da8546fc250f225fe3d25d0c782303b","0","0x253553366da8546fc250f225fe3d25d0c782303b","0xfe89cc7abb2c4183683ab71653c4cdc9b02d44b7","","0.217800217121164934","0","759.590984366931","3158.26","0","","call",""
"0xa7ad32cac5efeab550e1fe0f0480cd2bc04226c2fb6c55d42b1418aaf11868fe","19652298","1713079919","2024-04-14 07:31:59","0x6a22865dcc60f4a37b9d0b3658c4bd1c611e5c05","0x253553366da8546fc250f225fe3d25d0c782303b","0","0x253553366da8546fc250f225fe3d25d0c782303b","0xfe89cc7abb2c4183683ab71653c4cdc9b02d44b7","","0.129854480397795853","0","452.875088434579","3158.26","0","","call",""
"0x7745d1dc50b182f7b42b958bebf5a522324de59fffbd132ff57ca9f6faff341b","19652479","1713082091","2024-04-14 08:08:11","0x8df8d708815c7d8b54ab0fb4b4c00528c21fb98b","0x253553366da8546fc250f225fe3d25d0c782303b","0","0x253553366da8546fc250f225fe3d25d0c782303b","0xfe89cc7abb2c4183683ab71653c4cdc9b02d44b7","","0.106993227686953653","0","373.145133708091","3158.26","0","","call",""
"0x6ffc4cec6604af2b11f9d35b8f33962aeaf0e7cd8bef3f1e5b9979ba561d2bd0","19652995","1713088307","2024-04-14 09:51:47","0x160fe3dfb35a46f861a909626e51fdcba1b0d383","0x253553366da8546fc250f225fe3d25d0c782303b","0","0x253553366da8546fc250f225fe3d25d0c782303b","0xfe89cc7abb2c4183683ab71653c4cdc9b02d44b7","","0.790224288325011928","0","2755.95338229405","3158.26","0","","call",""
"0x052dda9414cf19b067aab832cb3c0749f921ce3c852efabb29d2a0abe2107a34","19653436","1713093635","2024-04-14 11:20:35","0x1c92195a6292aff12f0b05314bbaebbe9fc144b1","0x253553366da8546fc250f225fe3d25d0c782303b","0","0x253553366da8546fc250f225fe3d25d0c782303b","0xfe89cc7abb2c4183683ab71653c4cdc9b02d44b7","","0.913477058740258479","0","3185.80462139353","3158.26","0","","call",""
"0x33f5cf6808354a24ac1419e6c0272d51c48c6fb113bfa57abb9bced5adec7e57","19653633","1713096011","2024-04-14 12:00:11","0xb63e4ef9fc3a8d389fe0bcf3eaeb4b18b6a9210c","0x253553366da8546fc250f225fe3d25d0c782303b","0","0x253553366da8546fc250f225fe3d25d0c782303b","0xfe89cc7abb2c4183683ab71653c4cdc9b02d44b7","","0.569063987192827727","0","1984.64390859216","3158.26","0","","call",""
"0x77f7d8151daf7a95ba343dd599359e2646b57ac6dc6ce92d74dae70b2be7c057","19653840","1713098507","2024-04-14 12:41:47","0x10af1fa6e4747d4543d6f2c6a3349aac20e67ef5","0x253553366da8546fc250f225fe3d25d0c782303b","0","0x253553366da8546fc250f225fe3d25d0c782303b","0xfe89cc7abb2c4183683ab71653c4cdc9b02d44b7","","0.284753310983194503","0","993.093811615161","3158.26","0","","call",""
"0x30ccca244eb120826ab9ed024bc75e3808632734f0c128f99d35513368c4d550","19654043","1713100955","2024-04-14 13:22:35","0x54657d1a8dadea83e3e37b1b9dbf485412974567","0x253553366da8546fc250f225fe3d25d0c782303b","0","0x253553366da8546fc250f225fe3d25d0c782303b","0xfe89cc7abb2c4183683ab71653c4cdc9b02d44b7","","0.142811300384333501","0","498.062755269475","3158.26","0","","call",""
"0x04b96e7d2fd7e999e31c9b3c42aff822b676559aace69f0b003fba22a9a68c07","19654109","1713101759","2024-04-14 13:35:59","0xeacdbe2a8f52f5ee9f8004fe049ae3a8f3de99cc","0x253553366da8546fc250f225fe3d25d0c782303b","0","0x253553366da8546fc250f225fe3d25d0c782303b","0xfe89cc7abb2c4183683ab71653c4cdc9b02d44b7","","0.027722435553546777","0","96.6836139536662","3158.26","0","","call",""
"0x84c14cb719c7f9e00a583d29db80fd7feef62589486bef1dd01f10ad91016644","19654315","1713104243","2024-04-14 14:17:23","0x0c8056aca8150e8b92c1b0c6337c16aab910bcd5","0x253553366da8546fc250f225fe3d25d0c782303b","0","0x253553366da8546fc250f225fe3d25d0c782303b","0xfe89cc7abb2c4183683ab71653c4cdc9b02d44b7","","0.146604235201460153","0","511.290837084371","3158.26","0","","call",""
"0x646baff44d6cc4f641f021bfceb57d60be11cba0d99f42666d77f1dc9114d153","19654586","1713107519","2024-04-14 15:11:59","0x31b99e224e97694cca3a69e0bfbfc00a447ff9e7","0x253553366da8546fc250f225fe3d25d0c782303b","0","0x253553366da8546fc250f225fe3d25d0c782303b","0xfe89cc7abb2c4183683ab71653c4cdc9b02d44b7","","0.43355234155386762","0","1512.03912580254","3158.26","0","","call",""
"0x0a82e3f3bd73d2521bbdb2f187f4420c1ef45d58d3ae4d7c4252ce3fd193c182","19654865","1713110903","2024-04-14 16:08:23","0xcf86b20e751715c86223a251afde8775dd7544c6","0x253553366da8546fc250f225fe3d25d0c782303b","0","0x253553366da8546fc250f225fe3d25d0c782303b","0xfe89cc7abb2c4183683ab71653c4cdc9b02d44b7","","0.325684982529871538","0","1135.84540797665","3158.26","0","","call",""
"0x85e70d490ea9a46578e5b13ee4e6fbefc474fbc51f1bd473d984dcc002677abd","19655221","1713115187","2024-04-14 17:19:47","0x31d68b974498279929ea118c5d551c7d0a37120a","0x253553366da8546fc250f225fe3d25d0c782303b","0","0x253553366da8546fc250f225fe3d25d0c782303b","0xfe89cc7abb2c4183683ab71653c4cdc9b02d44b7","","0.306496383057870319","0","1068.92404603213","3158.26","0","","call",""
"0xa99bee2235c24057c955863cdb3cafc3ecce4ee108b128563bd8fb4134d95bf3","19655432","1713117743","2024-04-14 18:02:23","0xc21c763c98ae453b32276a00270780f4cae7ecbe","0x253553366da8546fc250f225fe3d25d0c782303b","0","0x253553366da8546fc250f225fe3d25d0c782303b","0xfe89cc7abb2c4183683ab71653c4cdc9b02d44b7","","0.161703232668855473","0","563.949473061911","3158.26","0","","call",""
"0x5d8c509824ea86218c9d0f7d3992d467de7bc7941f3e1fd64cbcd881c21891a3","19656183","1713126815","2024-04-14 20:33:35","0x67a9eff59fa8a68cb483b0833f1eba420e9f7296","0x253553366da8546fc250f225fe3d25d0c782303b","0","0x253553366da8546fc250f225fe3d25d0c782303b","0xfe89cc7abb2c4183683ab71653c4cdc9b02d44b7","","0.741213299552315049","0","2585.02469499188","3158.26","0","","call",""
"0x125364292e7e0c82aacdeb2ea0fa7319c3957117e44949b7e9c371b572a79171","19656400","1713129419","2024-04-14 21:16:59","0x5b14759883d6de89b29622ac490962c719809ccb","0x253553366da8546fc250f225fe3d25d0c782303b","0","0x253553366da8546fc250f225fe3d25d0c782303b","0xfe89cc7abb2c4183683ab71653c4cdc9b02d44b7","","0.450890772210405829","0","1572.50791588851","3158.26","0","","call",""
"0xb0829d28b371f48a92b4aeb331e7e256c9301897fd798f36edb9be930ac2bd11","19658635","1713156515","2024-04-15 04:48:35","0x239fa13a5d1ae2a33b60af32c419f96be3514799","0x253553366da8546fc250f225fe3d25d0c782303b","0","0x253553366da8546fc250f225fe3d25d0c782303b","0xfe89cc7abb2c4183683ab71653c4cdc9b02d44b7","","5.332449765213915242","0","18597.2301579145","3103.00","0","","call",""
"0xce5294eb91b89e5d7a9a2ac1b9a0af5e3bdb883ddbfaaa5a540ffa2fb7ea4387","19658782","1713158291","2024-04-15 05:18:11","0xb5c7259f159fd43f93e5bfc8b470cce5697c9e07","0x253553366da8546fc250f225fe3d25d0c782303b","0","0x253553366da8546fc250f225fe3d25d0c782303b","0xfe89cc7abb2c4183683ab71653c4cdc9b02d44b7","","0.456233467509802994","0","1591.14087794558","3103.00","0","","call",""
"0x70ba80231f8ef6707c2d8878caa36f05d8562948e230909c83d1d9d649d5e34a","19658890","1713159599","2024-04-15 05:39:59","0x73f5bfbb904a4c1d772a6a9f03a4df62108fdd17","0x253553366da8546fc250f225fe3d25d0c782303b","0","0x253553366da8546fc250f225fe3d25d0c782303b","0xfe89cc7abb2c4183683ab71653c4cdc9b02d44b7","","0.203726789081718612","0","710.509081698518","3103.00","0","","call",""
"0x56324271ffdef13c9ecd71da6345e11d0e4e11d56796cf6fbaba871f09769eae","19658956","1713160403","2024-04-15 05:53:23","0x3854a14d2d94a20d1b4fc04cfc85c9b9ac085730","0x253553366da8546fc250f225fe3d25d0c782303b","0","0x253553366da8546fc250f225fe3d25d0c782303b","0xfe89cc7abb2c4183683ab71653c4cdc9b02d44b7","","0.189927225319035432","0","662.382296698577","3103.00","0","","call",""
"0x43de77a1f3b9918016a836f047227983b3d00562eb12e64c672b912aa918ee00","19659065","1713161711","2024-04-15 06:15:11","0x19285a67e153e095b78305786572b36cd61c9c55","0x253553366da8546fc250f225fe3d25d0c782303b","0","0x253553366da8546fc250f225fe3d25d0c782303b","0xfe89cc7abb2c4183683ab71653c4cdc9b02d44b7","","0.298630515999215143","0","1041.49137502308","3103.00","0","","call",""
"0x0101ac0e2898fd25d3a115c8f7aabb9bfeb0d74f152b37151ee5df1d1677f71d","19659133","1713162527","2024-04-15 06:28:47","0x05f6167cbbdbd408288d66ee29f57ef8d0abcb8d","0x253553366da8546fc250f225fe3d25d0c782303b","0","0x253553366da8546fc250f225fe3d25d0c782303b","0xfe89cc7abb2c4183683ab71653c4cdc9b02d44b7","","0.104482433898447741","0","364.388593652428","3103.00","0","","call",""
"0x48e265947b06bb85643ec9502041b880471288e9e7b7ad52eada7ac923929700","19659291","1713164459","2024-04-15 07:00:59","0xd44437170736b4187670929239fa7ddf65bccc57","0x253553366da8546fc250f225fe3d25d0c782303b","0","0x253553366da8546fc250f225fe3d25d0c782303b","0xfe89cc7abb2c4183683ab71653c4cdc9b02d44b7","","0.419689151409956495","0","1463.69044008006","3103.00","0","","call",""
"0x74d9d102fc662cec8614be3dca184f7716a5bf283921bd73319471bdfc547367","19659888","1713171707","2024-04-15 09:01:47","0x5ab97f97315b64e738b04ab41bcc5a9a650049e8","0x253553366da8546fc250f225fe3d25d0c782303b","0","0x253553366da8546fc250f225fe3d25d0c782303b","0xfe89cc7abb2c4183683ab71653c4cdc9b02d44b7","","1.36558869693445206","0","4762.57037874181","3103.00","0","","call",""
"0x36d7c9d838343ec6f3a54e5c5eee25b0572c12fc94f4609800938620ebc8b26e","19660079","1713174023","2024-04-15 09:40:23","0x356fac2caf2cdbb5de2e5cec25140ee73e7b5ccc","0x253553366da8546fc250f225fe3d25d0c782303b","0","0x253553366da8546fc250f225fe3d25d0c782303b","0xfe89cc7abb2c4183683ab71653c4cdc9b02d44b7","","0.447198493122568334","0","1559.63087681133","3103.00","0","","call",""
"0x6ac7478aa79836e53e9eee57bfc9f53304c5fea6c78b51e1e01e7f50e72a6b5a","19660719","1713181811","2024-04-15 11:50:11","0x2b1a1edc87925f5b4e014ef8995960ac356423ec","0x253553366da8546fc250f225fe3d25d0c782303b","0","0x253553366da8546fc250f225fe3d25d0c782303b","0xfe89cc7abb2c4183683ab71653c4cdc9b02d44b7","","0.636286565176448264","0","2219.08657746175","3103.00","0","","call",""
"0x7d5fcb87662b10b9a3aca9c843cdf9418831c531384b55ce302f9f48690190f4","19666122","1713247235","2024-04-16 06:00:35","0xb96e4e7ab56636f9dfeb962ce2bd4de1a71bf701","0x253553366da8546fc250f225fe3d25d0c782303b","0","0x253553366da8546fc250f225fe3d25d0c782303b","0xfe89cc7abb2c4183683ab71653c4cdc9b02d44b7","","10.103624853115242298","0","35236.9820806125","3085.42","0","","call",""
"0x695ebe5629d165a787800d7546b4a04fa1d5b327d0238733faebe93865b0e5a8","19666545","1713252395","2024-04-16 07:26:35","0x76c68493a549cd62f7b16a0041ce124fadce143a","0x253553366da8546fc250f225fe3d25d0c782303b","0","0x253553366da8546fc250f225fe3d25d0c782303b","0xfe89cc7abb2c4183683ab71653c4cdc9b02d44b7","","0.998453710459402249","0","3482.16565987515","3085.42","0","","call",""
"0x9b2041b32e2a7582150d5dab9014918d21a3c4559b5482b1a04ed0f1ab6b200b","19666721","1713254507","2024-04-16 08:01:47","0xe65b563e2f2e678fe07e776f284a5c48b50b7d00","0x253553366da8546fc250f225fe3d25d0c782303b","0","0x253553366da8546fc250f225fe3d25d0c782303b","0xfe89cc7abb2c4183683ab71653c4cdc9b02d44b7","","0.399112035725679251","0","1391.92654670728","3085.42","0","","call",""
"0xd15f455d0d5d7bf44e12a82d33698b7a8ab67d9d392b553544277dc8349a6050","19666875","1713256367","2024-04-16 08:32:47","0x0b5133832dadba12a1d3c7f969d14f0ad991286a","0x253553366da8546fc250f225fe3d25d0c782303b","0","0x253553366da8546fc250f225fe3d25d0c782303b","0xfe89cc7abb2c4183683ab71653c4cdc9b02d44b7","","0.315444070401370368","0","1100.12962850074","3085.42","0","","call",""
"0xc1279b2911f6fffdbd3262a7562530a31327ad66c714abc8e013ee3192133421","19667158","1713259763","2024-04-16 09:29:23","0x19b285f64880e91802214fa1fc8fcd9d0778bd2f","0x253553366da8546fc250f225fe3d25d0c782303b","0","0x253553366da8546fc250f225fe3d25d0c782303b","0xfe89cc7abb2c4183683ab71653c4cdc9b02d44b7","","0.411037194059512844","0","1433.51623324321","3085.42","0","","call",""
"0x14dae90aee7982e44c683e1d5ff704510f35ca3f284d15c4c05f1b23fd366b8c","19667524","1713264227","2024-04-16 10:43:47","0x61e76db258905b18c3270ab349568483f521b159","0x253553366da8546fc250f225fe3d25d0c782303b","0","0x253553366da8546fc250f225fe3d25d0c782303b","0xfe89cc7abb2c4183683ab71653c4cdc9b02d44b7","","0.572813148836478444","0","1997.71932890668","3085.42","0","","call",""
"0xa9847e83cb27d71a1e736d7e2c36914be6b3716bb5703ea54f79e9ad3334ee9a","19667898","1713268763","2024-04-16 11:59:23","0x5db6898392d42a557020e4d4d5cbc0b3a124ec95","0x253553366da8546fc250f225fe3d25d0c782303b","0","0x253553366da8546fc250f225fe3d25d0c782303b","0xfe89cc7abb2c4183683ab71653c4cdc9b02d44b7","","0.426160732656635928","0","1486.26045784474","3085.42","0","","call",""
"0x40af9d221f4428281e5e487936146a27289d09c1e2a64bb4bc61ccfc245fbeb4","19668184","1713272207","2024-04-16 12:56:47","0x9c202658828bc8691563705b04fbd0407e8ccd2e","0x253553366da8546fc250f225fe3d25d0c782303b","0","0x253553366da8546fc250f225fe3d25d0c782303b","0xfe89cc7abb2c4183683ab71653c4cdc9b02d44b7","","0.201044529863834928","0","701.154545938317","3085.42","0","","call",""
"0x741d8e8b67522fc784b81674312d0412ce950209b322f8845421a7433e6db48e","19668408","1713274907","2024-04-16 13:41:47","0xcf86b20e751715c86223a251afde8775dd7544c6","0x253553366da8546fc250f225fe3d25d0c782303b","0","0x253553366da8546fc250f225fe3d25d0c782303b","0xfe89cc7abb2c4183683ab71653c4cdc9b02d44b7","","0.254763344168271611","0","888.502049884245","3085.42","0","","call",""
"0xb7daa9aa75bdb9c0ad942bb96f1c7842241a7c1f838bcb2a5f510e7b8c54e791","19669040","1713282563","2024-04-16 15:49:23","0xf3db9992148934c72c2e6bc423c8cd9b28fc2d11","0x253553366da8546fc250f225fe3d25d0c782303b","0","0x253553366da8546fc250f225fe3d25d0c782303b","0xfe89cc7abb2c4183683ab71653c4cdc9b02d44b7","","1.694630204794436004","0","5910.1218649458","3085.42","0","","call",""
"0x1b37c25f2ec90012a3e6b14fe52c22b766d74982138c66e61bb509c8f7e52099","19669766","1713291359","2024-04-16 18:15:59","0x06b3a545aeadd267de83b4c6acbe1d512ad92b5d","0x253553366da8546fc250f225fe3d25d0c782303b","0","0x253553366da8546fc250f225fe3d25d0c782303b","0xfe89cc7abb2c4183683ab71653c4cdc9b02d44b7","","0.36395665266245164","0","1269.32009396927","3085.42","0","","call",""
"0xe5d2cd1dd507c94937806d0753d3a41bd016b062c24e9418b07246136079b447","19670362","1713298571","2024-04-16 20:16:11","0x9b0d4b28c1e856d9fbcaeee05e448d722934f0a0","0x253553366da8546fc250f225fe3d25d0c782303b","0","0x253553366da8546fc250f225fe3d25d0c782303b","0xfe89cc7abb2c4183683ab71653c4cdc9b02d44b7","","3.117968069831188406","0","10874.0958420173","3085.42","0","","call",""
"0xb62a28f48e1a3b8f128c09c2292bfca8c4098bc26724506e045a70b7e39f7093","19670519","1713300455","2024-04-16 20:47:35","0xc04b885b1d9f1a15c31b9cb361079a61736acaff","0x253553366da8546fc250f225fe3d25d0c782303b","0","0x253553366da8546fc250f225fe3d25d0c782303b","0xfe89cc7abb2c4183683ab71653c4cdc9b02d44b7","","0.193925966813215742","0","676.328141326012","3085.42","0","","call",""
"0x9d6ad91f0170a0f7b02520d1a69fa6b6a97cf888e31706a24e0ec2a111fcc21d","19671374","1713310835","2024-04-16 23:40:35","0x70355b963659ab83f8eaf275aa12b85f18f1b2ce","0x253553366da8546fc250f225fe3d25d0c782303b","0","0x253553366da8546fc250f225fe3d25d0c782303b","0xfe89cc7abb2c4183683ab71653c4cdc9b02d44b7","","1.80821554025613737","0","6306.25735972817","3085.42","0","","call",""
"0x1918e2e5e170f9497ab41c4bb1d9520a855a0f95d4adce684f2f8723a5399ebf","19671529","1713312707","2024-04-17 00:11:47","0xb1fc8bfd418c46f5be3f3232a77a5ed835aec146","0x253553366da8546fc250f225fe3d25d0c782303b","0","0x253553366da8546fc250f225fe3d25d0c782303b","0xfe89cc7abb2c4183683ab71653c4cdc9b02d44b7","","0.189531410107810922","0","661.001868019967","2985.12","0","","call",""
"0x921f4cd74faeb6565dc080a21209b1f57336f7f07b548b23036b4f27251e9f29","19671577","1713313283","2024-04-17 00:21:23","0x69a7e81406f429b25fd37b04bdb37cbc45107907","0x253553366da8546fc250f225fe3d25d0c782303b","0","0x253553366da8546fc250f225fe3d25d0c782303b","0xfe89cc7abb2c4183683ab71653c4cdc9b02d44b7","","0.060021672690530395","0","209.329090874994","2985.12","0","","call",""
"0x23bc1ac7487a40d1a0c87b53653ba68bcb85c7b9e4d3760bdaa7a26a4c520c93","19673428","1713335579","2024-04-17 06:32:59","0x40f173116248319eb4d040b4e1d22f4fcae03ede","0x253553366da8546fc250f225fe3d25d0c782303b","0","0x253553366da8546fc250f225fe3d25d0c782303b","0xfe89cc7abb2c4183683ab71653c4cdc9b02d44b7","","4.817568179022174044","0","16801.5505389625","2985.12","0","","call",""
"0x59b2a0975da642f634c22ed1b884e19bd1e2f21f975fad9a54a9c98b98b32f07","19673917","1713341519","2024-04-17 08:11:59","0xc5fabbd50d732f5d87f67a60d7eaae20eabf0667","0x253553366da8546fc250f225fe3d25d0c782303b","0","0x253553366da8546fc250f225fe3d25d0c782303b","0xfe89cc7abb2c4183683ab71653c4cdc9b02d44b7","","0.478918447574885923","0","1670.25607151949","2985.12","0","","call",""
"0xd92c739236e967101d224e1054f666240c2cf14b149b42aecf1981ef8a872d63","19674235","1713345335","2024-04-17 09:15:35","0x351d6f25a1c379209daf2f132b3de03466c76b5e","0x253553366da8546fc250f225fe3d25d0c782303b","0","0x253553366da8546fc250f225fe3d25d0c782303b","0xfe89cc7abb2c4183683ab71653c4cdc9b02d44b7","","0.541952418911443694","0","1890.0907299462","2985.12","0","","call",""
"0x83bde59e58cf42b758ba4ca4e047811bb9ec7e7177b8a2dbdcfa2dd4328d9460","19677346","1713382883","2024-04-17 19:41:23","0xc25f7e3cc1f51a16292d5eae89f6f9115fbc9c7f","0x253553366da8546fc250f225fe3d25d0c782303b","0","0x253553366da8546fc250f225fe3d25d0c782303b","0xfe89cc7abb2c4183683ab71653c4cdc9b02d44b7","","21.325784648748920308","0","74374.9201348534","2985.12","0","","call",""
"0x423dbeeed931aa2581a95f83df86972147e0253a93f125ce2ecf4d98cb4bafb0","19677463","1713384299","2024-04-17 20:04:59","0xddc7971633088759a4b9c164d0515ce7cf9ca3cd","0x253553366da8546fc250f225fe3d25d0c782303b","0","0x253553366da8546fc250f225fe3d25d0c782303b","0xfe89cc7abb2c4183683ab71653c4cdc9b02d44b7","","0.075086596688462513","0","261.868893636697","2985.12","0","","call",""
"0x07bfc84a301b51f95c43e031aa7b5e887b848ebe1226e30f1d85dc353e30212e","19678165","1713392819","2024-04-17 22:26:59","0xbefd438006648728358748457c88b2dd9c189867","0x253553366da8546fc250f225fe3d25d0c782303b","0","0x253553366da8546fc250f225fe3d25d0c782303b","0xfe89cc7abb2c4183683ab71653c4cdc9b02d44b7","","0.785963506092425166","0","2741.09365527907","2985.12","0","","call",""
"0xffef1bb9c48462a5e6cd677072b4a4c85fc190ad546121924cd4879d10df9287","19792572","1714775363","2024-05-03 22:29:23","0x55c0d22f11e392a5e1050e45b0c48b11b86abab0","0x253553366da8546fc250f225fe3d25d0c782303b","0","0x253553366da8546fc250f225fe3d25d0c782303b","0xfe89cc7abb2c4183683ab71653c4cdc9b02d44b7","","236.583899065590190921","0","825100.17277267","3103.77","0","","call",""
"0xe073636d05eda7199c3a9cf063f1b0e454cddcb9f4c76ec12e7a889677e3fda6","19793159","1714782443","2024-05-04 00:27:23","0x87466bad769a40d537f576c80aa7e6f81ad21894","0x253553366da8546fc250f225fe3d25d0c782303b","0","0x253553366da8546fc250f225fe3d25d0c782303b","0xfe89cc7abb2c4183683ab71653c4cdc9b02d44b7","","1.041934234550669302","0","3633.8065284281","3117.52","0","","call",""
"0x0ca7250d5337196ab8c069154b37183683ccc5cd79e51c4c41e60322d9e2b007","19793297","1714784099","2024-05-04 00:54:59","0x61bb77521b2a3eb7004070dcdf5860385a94ea99","0x253553366da8546fc250f225fe3d25d0c782303b","0","0x253553366da8546fc250f225fe3d25d0c782303b","0xfe89cc7abb2c4183683ab71653c4cdc9b02d44b7","","0.362747878332860022","0","1265.10442286009","3117.52","0","","call",""
"0xb85da0c4f0bb011583f3b00feefc95f3be56502b9e9f375a2912809e98105e9b","19795446","1714810067","2024-05-04 08:07:47","0x88766f8f1ac2a1a87b0292f14ffa2e1d15ad0e44","0x253553366da8546fc250f225fe3d25d0c782303b","0","0x253553366da8546fc250f225fe3d25d0c782303b","0xfe89cc7abb2c4183683ab71653c4cdc9b02d44b7","","3.345432117277982233","0","11667.3899993509","3117.52","0","","call",""
"0x637972192e8b46ed72b0e7dde06101cedf16003e50dcdb2b5fe9783e319bbd04","19795643","1714812431","2024-05-04 08:47:11","0xe6115324b23a92d1cbdaaf0bd1aa12592d9eb418","0x253553366da8546fc250f225fe3d25d0c782303b","0","0x253553366da8546fc250f225fe3d25d0c782303b","0xfe89cc7abb2c4183683ab71653c4cdc9b02d44b7","","0.395425336516019787","0","1379.0689677813","3117.52","0","","call",""
"0xda3d76ca6575d1a14c9b8aed2b14a7042ab83a2d5a49ae286d381d615ae32567","19795859","1714815035","2024-05-04 09:30:35","0xfb39b79e97a71e7d8103c5cf708db91390416c6a","0x253553366da8546fc250f225fe3d25d0c782303b","0","0x253553366da8546fc250f225fe3d25d0c782303b","0xfe89cc7abb2c4183683ab71653c4cdc9b02d44b7","","0.440634343709388858","0","1536.73802215676","3117.52","0","","call",""
"0xb71d2b440deed3f66096879727c3e37124cd8819bd739c2d1cc80b93d84f53cd","19796266","1714819955","2024-05-04 10:52:35","0x51adc278a38881780549af91f2e60a1a5ab9966a","0x253553366da8546fc250f225fe3d25d0c782303b","0","0x253553366da8546fc250f225fe3d25d0c782303b","0xfe89cc7abb2c4183683ab71653c4cdc9b02d44b7","","0.47779564006523114","0","1666.34021471831","3117.52","0","","call",""
"0x6f5910f97f268dacc980d13f7092d6172bf37c7fb00b09d8f4aeb223c1a141b4","19796788","1714826255","2024-05-04 12:37:35","0xd88b7d9db1a0f793758efd11298b61f51eb6710f","0x253553366da8546fc250f225fe3d25d0c782303b","0","0x253553366da8546fc250f225fe3d25d0c782303b","0xfe89cc7abb2c4183683ab71653c4cdc9b02d44b7","","0.853320588565050246","0","2976.00541641383","3117.52","0","","call",""
"0xeb7982426d46e859e34de6e33e54f74158836c0ed29543a80b981adeb823dd22","19797422","1714833899","2024-05-04 14:44:59","0x308611007ad69b20ee25bf2a6f3c5f81e94f336e","0x253553366da8546fc250f225fe3d25d0c782303b","0","0x253553366da8546fc250f225fe3d25d0c782303b","0xfe89cc7abb2c4183683ab71653c4cdc9b02d44b7","","0.322197752305844132","0","1123.68348879403","3117.52","0","","call",""
"0x8c7cf38e2e8de46372b2390a21219b9bb07e9706d75e48d8999e850742e1f034","19797798","1714838483","2024-05-04 16:01:23","0xb60f7155faf68b1452fdabbdf9415b9f138279ff","0x253553366da8546fc250f225fe3d25d0c782303b","0","0x253553366da8546fc250f225fe3d25d0c782303b","0xfe89cc7abb2c4183683ab71653c4cdc9b02d44b7","","0.222266594554897697","0","775.167736659863","3117.52","0","","call",""
"0x4af5a457ada3012fd53068d7a1b48721bda1b7593017b8dded05dd00d7247529","19799242","1714855895","2024-05-04 20:51:35","0x802cf9d16bab3f73000f1ce58f2c3c1a32c38f66","0x253553366da8546fc250f225fe3d25d0c782303b","0","0x253553366da8546fc250f225fe3d25d0c782303b","0xfe89cc7abb2c4183683ab71653c4cdc9b02d44b7","","2.881334585355412599","0","10048.8227372291","3117.52","0","","call",""
"0xe60b45aa7537b35c299d448c4d0a782342b9368c0b7bc345993be58fd6919aae","19800456","1714870535","2024-05-05 00:55:35","0x30be0f631eaa85f3c31897c75b6b5ff31df5c5b6","0x253553366da8546fc250f225fe3d25d0c782303b","0","0x253553366da8546fc250f225fe3d25d0c782303b","0xfe89cc7abb2c4183683ab71653c4cdc9b02d44b7","","3.063478148967756603","0","10684.0590588873","3137.09","0","","call",""
"0xf53058dd0d8e92fe90c26bfb987cffee3b8041ef77da6d40d23c8736e61a4de1","19800853","1714875347","2024-05-05 02:15:47","0x34bdb6e1e2c868398c40832666cf4067e1bfc7d0","0x253553366da8546fc250f225fe3d25d0c782303b","0","0x253553366da8546fc250f225fe3d25d0c782303b","0xfe89cc7abb2c4183683ab71653c4cdc9b02d44b7","","0.518051556136759001","0","1806.73507437244","3137.09","0","","call",""
"0x5af976ab716af958cda54217b05b404bb2eda7a35d07d6c9a26d1c40afff77c8","19800986","1714876967","2024-05-05 02:42:47","0xbfd80959be627cf9cf6609195cfeabb315ed17e0","0x253553366da8546fc250f225fe3d25d0c782303b","0","0x253553366da8546fc250f225fe3d25d0c782303b","0xfe89cc7abb2c4183683ab71653c4cdc9b02d44b7","","0.186133548799181084","0","649.151628152077","3137.09","0","","call",""
"0x7f8ea0579122d6757d6b89e010374c6968bbaf98c54c77a0b73c9a9a0f7a251a","19801287","1714880615","2024-05-05 03:43:35","0x096c7e2419595c377049709d8f29d36cb2221551","0x253553366da8546fc250f225fe3d25d0c782303b","0","0x253553366da8546fc250f225fe3d25d0c782303b","0xfe89cc7abb2c4183683ab71653c4cdc9b02d44b7","","0.393325080749988231","0","1371.74420306881","3137.09","0","","call",""
"0x302d8b08d52810149af47206682bf11ede2e304407d229001482cc791309faab","19801925","1714888331","2024-05-05 05:52:11","0x74fcb8c6efa4e045a096ae37ef0b6d32747222b1","0x253553366da8546fc250f225fe3d25d0c782303b","0","0x253553366da8546fc250f225fe3d25d0c782303b","0xfe89cc7abb2c4183683ab71653c4cdc9b02d44b7","","0.904593230776485072","0","3154.82175224334","3137.09","0","","call",""
"0xf40b90cab08baa602190ffa119fa923d47713f628054bcdc485e8ce0d3966971","19803413","1714906319","2024-05-05 10:51:59","0x2c91824a558afe52afc0252001d47a4ef5118c98","0x253553366da8546fc250f225fe3d25d0c782303b","0","0x253553366da8546fc250f225fe3d25d0c782303b","0xfe89cc7abb2c4183683ab71653c4cdc9b02d44b7","","2.621568390353488898","0","9142.87295272089","3137.09","0","","call",""
"0x2d19bfca8ac42ca36805170a8de858c7ba4d02c14aa88a418ab7ded199b7477e","19803539","1714907831","2024-05-05 11:17:11","0x81de254e2aeb4ef16f6f33debd2bef7105494f2d","0x253553366da8546fc250f225fe3d25d0c782303b","0","0x253553366da8546fc250f225fe3d25d0c782303b","0xfe89cc7abb2c4183683ab71653c4cdc9b02d44b7","","0.170591886712775368","0","594.949173448629","3137.09","0","","call",""
"0xa11bab5e72f36a39e041d322fac9d701be1b919bc42cb8eec6f0c84146566926","19804558","1714920107","2024-05-05 14:41:47","0x8fd5a74f11c6d415dedef022fbc9148cebf03778","0x253553366da8546fc250f225fe3d25d0c782303b","0","0x253553366da8546fc250f225fe3d25d0c782303b","0xfe89cc7abb2c4183683ab71653c4cdc9b02d44b7","","1.304544023323968438","0","4549.67351237941","3137.09","0","","call",""
"0x52db922b88760e6b62a2980032ab059afb4170f2867b0b20e24e1b205972a34a","19805037","1714925951","2024-05-05 16:19:11","0xaea150752daf9c31885b59f815149e1bded15013","0x253553366da8546fc250f225fe3d25d0c782303b","0","0x253553366da8546fc250f225fe3d25d0c782303b","0xfe89cc7abb2c4183683ab71653c4cdc9b02d44b7","","0.678624165600454765","0","2366.74143293838","3137.09","0","","call",""
"0x9734a6c41a8b611f8487abb41eec0bb92038ebf316dbd492180158da493d56f8","19805894","1714936283","2024-05-05 19:11:23","0xc915b151a536e758adcaaea80cc9561d31eef6d7","0x253553366da8546fc250f225fe3d25d0c782303b","0","0x253553366da8546fc250f225fe3d25d0c782303b","0xfe89cc7abb2c4183683ab71653c4cdc9b02d44b7","","0.640097183307189807","0","2232.3763308662","3137.09","0","","call",""
"0x167a1c1c559eb2de6f33001bcd5bd3dcc34aef12f0b3421b08b02cf0210b6a6f","19806830","1714947599","2024-05-05 22:19:59","0x716702fd78469980fe7c34ac275162d1be671dcc","0x253553366da8546fc250f225fe3d25d0c782303b","0","0x253553366da8546fc250f225fe3d25d0c782303b","0xfe89cc7abb2c4183683ab71653c4cdc9b02d44b7","","2.889154617606598296","0","10076.0955566688","3137.09","0","","call",""
"0x319921d4b75950f07f33e934c5c9fb6a47bbc65e30d958d0e371f3c995b49a67","19807396","1714954403","2024-05-06 00:13:23","0x6a90dce7b3d16e98a3b1494ce7b620c67ae211d8","0x253553366da8546fc250f225fe3d25d0c782303b","0","0x253553366da8546fc250f225fe3d25d0c782303b","0xfe89cc7abb2c4183683ab71653c4cdc9b02d44b7","","0.527781654910443414","0","1840.66936242404","3063.19","0","","call",""
"0x97c0333c36cef7bc4f97ea11bef378698cb667b85533e0e1257406a41cccd090","19807608","1714956959","2024-05-06 00:55:59","0x6cc62fca85f7f8ef73fe4b1f51609275414ab73f","0x253553366da8546fc250f225fe3d25d0c782303b","0","0x253553366da8546fc250f225fe3d25d0c782303b","0xfe89cc7abb2c4183683ab71653c4cdc9b02d44b7","","0.205139396426276335","0","715.435632358381","3063.19","0","","call",""
"0xaf9b3179bc34e77f475994feaa1104d95ca0966ba2ebf1b8f94cfea0faae636a","19809074","1714974659","2024-05-06 05:50:59","0x51a9eac1484b614f9c12bac56df2c0d3e9d86f89","0x253553366da8546fc250f225fe3d25d0c782303b","0","0x253553366da8546fc250f225fe3d25d0c782303b","0xfe89cc7abb2c4183683ab71653c4cdc9b02d44b7","","2.65061034968999065","0","9244.15848297399","3063.19","0","","call",""
"0x73b248905f15e7aa181a2ab0bee6444a2717723e0704efa71c11cf3960448015","19811775","1715007359","2024-05-06 14:55:59","0x87f82539954d8d8bd1af55cbca10fe75504bf9f2","0x253553366da8546fc250f225fe3d25d0c782303b","0","0x253553366da8546fc250f225fe3d25d0c782303b","0xfe89cc7abb2c4183683ab71653c4cdc9b02d44b7","","4.007339895973698811","0","13975.8320561368","3063.19","0","","call",""
"0x70035d7b13fb8a037f4cc23f879db43f3afcd2252077b93457d06a570b295069","19812083","1715011103","2024-05-06 15:58:23","0xb02184adb86c4ca4b4fe3673d0a6355c64d596c8","0x253553366da8546fc250f225fe3d25d0c782303b","0","0x253553366da8546fc250f225fe3d25d0c782303b","0xfe89cc7abb2c4183683ab71653c4cdc9b02d44b7","","0.099084793180425631","0","345.564006237161","3063.19","0","","call",""
"0xab990638f0f6311383c13de432fc2618bfeda8a217d5e81504610286aa75e137","19814070","1715035079","2024-05-06 22:37:59","0xd3f9d87d97df15f5cc49b61e8a11749e38ebf549","0x253553366da8546fc250f225fe3d25d0c782303b","0","0x253553366da8546fc250f225fe3d25d0c782303b","0xfe89cc7abb2c4183683ab71653c4cdc9b02d44b7","","2.641185667429284979","0","9211.28935285842","3063.19","0","","call",""
"0x2f92dc17daad3ff89e4c5b2a712f0ad2f0c5763dd915f0dc135ec3b94554e160","19821981","1715130707","2024-05-08 01:11:47","0x1e9f72c28b227cbb56577dc6f693b95237ac0bfe","0x1c8ac19488c1763cbce41a73c50395cd7f43cdc9","0","0x253553366da8546fc250f225fe3d25d0c782303b","0xfe89cc7abb2c4183683ab71653c4cdc9b02d44b7","","16.452201737227137177","0","57378.0149430773","2973.31","0","","call",""
"0x549e4f020cb18586d28d0595d4a862e2daefaa877c90f3129053e698b3026856","19835391","1715292791","2024-05-09 22:13:11","0x1e9f72c28b227cbb56577dc6f693b95237ac0bfe","0x253553366da8546fc250f225fe3d25d0c782303b","0","0x253553366da8546fc250f225fe3d25d0c782303b","0xfe89cc7abb2c4183683ab71653c4cdc9b02d44b7","","27.706793075728074911","0","96629.0598982052","3035.93","0","","call",""
"0x51e6c0249c4ee0d1cbf4adbc1fdb19ed9e25128c6f346228bc6ed7b6a5ffc4a8","19863576","1715633243","2024-05-13 20:47:23","0x0c9cb651582289844e0a5e4001d5c7bf1bfea378","0x253553366da8546fc250f225fe3d25d0c782303b","0","0x253553366da8546fc250f225fe3d25d0c782303b","0xfe89cc7abb2c4183683ab71653c4cdc9b02d44b7","","47.113365913448834072","0","164310.616692945","2950.16","0","","call",""
"0xe6c4f26f1b763a3f905e27cbc0461c324250eee4ce9c956a653b22ecd2e78d68","19864221","1715641043","2024-05-13 22:57:23","0x68020cd4fa0c259b85a3edc7bebff76091b52c3a","0x253553366da8546fc250f225fe3d25d0c782303b","0","0x253553366da8546fc250f225fe3d25d0c782303b","0xfe89cc7abb2c4183683ab71653c4cdc9b02d44b7","","0.223881007768637466","0","780.798097081026","2950.16","0","","call",""
"0xab986126b642bb4c0878fa4f95aa261c1ba44597870f0e96e245657af40d95cc","19864250","1715641391","2024-05-13 23:03:11","0x68020cd4fa0c259b85a3edc7bebff76091b52c3a","0x253553366da8546fc250f225fe3d25d0c782303b","0","0x253553366da8546fc250f225fe3d25d0c782303b","0xfe89cc7abb2c4183683ab71653c4cdc9b02d44b7","","0.075933334616137224","0","264.821941638598","2950.16","0","","call",""
"0xcf56d72b2c3d6a6e375d4dfa1764e0897f9255ae5f1ec28e5fffd0ec573451d8","19918973","1716302879","2024-05-21 14:47:59","0x0c9cb651582289844e0a5e4001d5c7bf1bfea378","0x253553366da8546fc250f225fe3d25d0c782303b","0","0x253553366da8546fc250f225fe3d25d0c782303b","0xfe89cc7abb2c4183683ab71653c4cdc9b02d44b7","","87.874137247557861098","0","306466.188576544","3789.36","0","","call",""
"0x4bcf016b8df336177ad7d18a2c63c3df7efb66e2d8fb078cb95df0d95728d227","19919746","1716312191","2024-05-21 17:23:11","0x0c9cb651582289844e0a5e4001d5c7bf1bfea378","0x253553366da8546fc250f225fe3d25d0c782303b","0","0x253553366da8546fc250f225fe3d25d0c782303b","0xfe89cc7abb2c4183683ab71653c4cdc9b02d44b7","","1.344461646652454711","0","4688.88855632404","3789.36","0","","call",""
"0xcde4c385001453daf3cf56e8c1fcc987a9362068e6c3e43f94e75703e22ee093","19922159","1716341351","2024-05-22 01:29:11","0x0c9cb651582289844e0a5e4001d5c7bf1bfea378","0x253553366da8546fc250f225fe3d25d0c782303b","0","0x253553366da8546fc250f225fe3d25d0c782303b","0xfe89cc7abb2c4183683ab71653c4cdc9b02d44b7","","3.341801659409024777","0","11654.7285653871","3736.33","0","","call",""
"0x5b5d82a1385d1101cddd2dbe0fbc6409e9d4f318eb8d5792db016e5b58343550","19936004","1716508631","2024-05-23 23:57:11","0x0c9cb651582289844e0a5e4001d5c7bf1bfea378","0x253553366da8546fc250f225fe3d25d0c782303b","0","0x253553366da8546fc250f225fe3d25d0c782303b","0xfe89cc7abb2c4183683ab71653c4cdc9b02d44b7","","15.053131392700480102","0","52498.6753618574","3781.61","0","","call",""
"0xc4640c218d5977b10ab24c578d0d188303fcbdb174d354f29a26cfe1d764f213","19936221","1716511247","2024-05-24 00:40:47","0x0c9cb651582289844e0a5e4001d5c7bf1bfea378","0x253553366da8546fc250f225fe3d25d0c782303b","0","0x253553366da8546fc250f225fe3d25d0c782303b","0xfe89cc7abb2c4183683ab71653c4cdc9b02d44b7","","0.089103720340728033","0","310.75443146467","3727.14","0","","call",""
"0x13874b02f2c6f99ea978b285542fc78523ef3bc1879c7f52879409a5097f19ec","19950011","1716677747","2024-05-25 22:55:47","0x0c9cb651582289844e0a5e4001d5c7bf1bfea378","0x253553366da8546fc250f225fe3d25d0c782303b","0","0x253553366da8546fc250f225fe3d25d0c782303b","0xfe89cc7abb2c4183683ab71653c4cdc9b02d44b7","","22.8282831093744388","0","79614.9713147906","3749.23","0","","call",""
"0x5184df4417d2c871141321c5053ad2aa381b600456de9bedd94b34e0341dc12e","19950071","1716678479","2024-05-25 23:07:59","0x0c9cb651582289844e0a5e4001d5c7bf1bfea378","0x253553366da8546fc250f225fe3d25d0c782303b","0","0x253553366da8546fc250f225fe3d25d0c782303b","0xfe89cc7abb2c4183683ab71653c4cdc9b02d44b7","","0.070901871809494913","0","247.274421086877","3749.23","0","","call",""
"0xc6423599534ebc8437c5407345b136ac0d8ff60f468252b33fc3d5dbb6fa7c2c","19950084","1716678635","2024-05-25 23:10:35","0x0c9cb651582289844e0a5e4001d5c7bf1bfea378","0x253553366da8546fc250f225fe3d25d0c782303b","0","0x253553366da8546fc250f225fe3d25d0c782303b","0xfe89cc7abb2c4183683ab71653c4cdc9b02d44b7","","0.002675542332433771","0","9.33111022969347","3749.23","0","","call",""
"0x0af23488a6fde4f2a860cc0431168723f0c8c119d9b09c5845bf4ed12d895453","19950116","1716679019","2024-05-25 23:16:59","0x0c9cb651582289844e0a5e4001d5c7bf1bfea378","0x253553366da8546fc250f225fe3d25d0c782303b","0","0x253553366da8546fc250f225fe3d25d0c782303b","0xfe89cc7abb2c4183683ab71653c4cdc9b02d44b7","","0.013377711662168858","0","46.6555511484674","3749.23","0","","call",""
"0x2d9d19514870e91d6d0103d5149cda5f92775cab1720078532c0f84ce28dbbe1","19950130","1716679187","2024-05-25 23:19:47","0x0c9cb651582289844e0a5e4001d5c7bf1bfea378","0x253553366da8546fc250f225fe3d25d0c782303b","0","0x253553366da8546fc250f225fe3d25d0c782303b","0xfe89cc7abb2c4183683ab71653c4cdc9b02d44b7","","0.00267554233243377","0","9.33111022969347","3749.23","0","","call",""
"0x23f2531f0169ccec0b258bb7a3b270215258b7a93dac2eb2b9a7bbb3946f17ec","19957727","1716770879","2024-05-27 00:47:59","0x0c9cb651582289844e0a5e4001d5c7bf1bfea378","0x253553366da8546fc250f225fe3d25d0c782303b","0","0x253553366da8546fc250f225fe3d25d0c782303b","0xfe89cc7abb2c4183683ab71653c4cdc9b02d44b7","","9.123893423980393489","0","31820.1114708933","3891.26","0","","call",""
"0x9f052e7680a455e2d555305e72ad31b51d64a1676a9754fc5e45eda2d14b40bf","19958395","1716778991","2024-05-27 03:03:11","0x0c9cb651582289844e0a5e4001d5c7bf1bfea378","0x253553366da8546fc250f225fe3d25d0c782303b","0","0x253553366da8546fc250f225fe3d25d0c782303b","0xfe89cc7abb2c4183683ab71653c4cdc9b02d44b7","","0.577460618074690559","0","2013.92764944983","3891.26","0","","call",""
"0xc01bc11aabdf914efbd63a7726a66f8cbe97b60a1770573099a39ca5594152d7","19977525","1717010063","2024-05-29 19:14:23","0x0c9cb651582289844e0a5e4001d5c7bf1bfea378","0x94ef902c0d757818be25a617fd4f4f8847105894","0","0x253553366da8546fc250f225fe3d25d0c782303b","0xfe89cc7abb2c4183683ab71653c4cdc9b02d44b7","","27.258576157580473732","0","95065.8772046074","3762.22","0","","call",""
"0x34b4934166fecc5cb38ce050c9bc2dc8216c256be672431329e84f7af769c01d","20021766","1717543979","2024-06-04 23:32:59","0x9c5c887a95d6bcdd2f344124b7faa4cab2ee2690","0x253553366da8546fc250f225fe3d25d0c782303b","0","0x253553366da8546fc250f225fe3d25d0c782303b","0xfe89cc7abb2c4183683ab71653c4cdc9b02d44b7","","57.360604738028065119","0","200048.460891122","3810.73","0","","call",""
"0xa09c45c804f0e573ef9eb3e86618f903463a537cf537a6afc6d4852f57c44104","20076919","1718209439","2024-06-12 16:23:59","0xc58211b5fdcbdfabc13c3ebe20f7f08811200229","0x253553366da8546fc250f225fe3d25d0c782303b","0","0x253553366da8546fc250f225fe3d25d0c782303b","0xfe89cc7abb2c4183683ab71653c4cdc9b02d44b7","","58.96783843417197563","0","205653.782325133","3559.25","0","","call",""
"0x247f09a2db9b243940054b2ce7891b473e2db3e4568c9e452cba3bedafb49887","20168964","1719321743","2024-06-25 13:22:23","0xa7860e99e3ce0752d1ac53b974e309fff80277c6","0x253553366da8546fc250f225fe3d25d0c782303b","0","0x253553366da8546fc250f225fe3d25d0c782303b","0xfe89cc7abb2c4183683ab71653c4cdc9b02d44b7","","113.374140462108307559","0","395398.939880115","3393.91","0","","call",""
"0x9c433bae268081204089b63b8b5f50855ee9f361c44cddd5d3b088215c444319","20217876","1719911771","2024-07-02 09:16:11","0x6e151767b082c8bf14eacb8628681429ca4ff892","0x253553366da8546fc250f225fe3d25d0c782303b","0","0x253553366da8546fc250f225fe3d25d0c782303b","0xfe89cc7abb2c4183683ab71653c4cdc9b02d44b7","","62.230676645690867376","0","217033.121251774","3416.41","0","","call",""
"0x5ca25cd8d13225c3ccb401723847fc34bc0b29e766e99d5fd7aff49feafa8a6a","20348366","1721486003","2024-07-20 14:33:23","0x0c9cb651582289844e0a5e4001d5c7bf1bfea378","0x253553366da8546fc250f225fe3d25d0c782303b","0","0x253553366da8546fc250f225fe3d25d0c782303b","0xfe89cc7abb2c4183683ab71653c4cdc9b02d44b7","","159.527531049689240666","0","556361.586527933","3518.85","0","","call",""
"0x1699cf4d8c9e4185eca2e76a97f043d39e61e03941f4547b030a3ccc8924bfb9","20399782","1722106211","2024-07-27 18:50:11","0x8567980c3cc9424bb495e33fcafc293dbe701b50","0x5e743b959db3578dd8911f097bcbebf6208bb2e9","0","0x253553366da8546fc250f225fe3d25d0c782303b","0xfe89cc7abb2c4183683ab71653c4cdc9b02d44b7","","64.094516520131855808","0","223533.37172738","3249.36","0","","call",""
"0x6f76c277eeedfd12af4a038f58cc87efbf717869a224642da634de504c79897a","20402166","1722134951","2024-07-28 02:49:11","0xc7ae6fe9990d06e552db73f15f47c62e238bfd77","0x253553366da8546fc250f225fe3d25d0c782303b","0","0x253553366da8546fc250f225fe3d25d0c782303b","0xfe89cc7abb2c4183683ab71653c4cdc9b02d44b7","","2.080665259582919365","0","7256.44167648115","3270.15","0","","call",""
"0xf04af0d8151bc4330966554e04724d1b7e0dbc924259c2fc9fcae2eeb22bc3bd","20402181","1722135131","2024-07-28 02:52:11","0xc7ae6fe9990d06e552db73f15f47c62e238bfd77","0xe66b9d909dabfbd49c9ed183ecbbfdfec6dc1d35","0","0x253553366da8546fc250f225fe3d25d0c782303b","0xfe89cc7abb2c4183683ab71653c4cdc9b02d44b7","","0.004618808018435061","0","16.1083628643639","3270.15","0","","call",""
"0x55f6020b4fc1a7732b7c9380c237926ca220d669a1c43c0f67f2ad7867ee13ee","20402208","1722135455","2024-07-28 02:57:35","0xc7ae6fe9990d06e552db73f15f47c62e238bfd77","0x253553366da8546fc250f225fe3d25d0c782303b","0","0x253553366da8546fc250f225fe3d25d0c782303b","0xfe89cc7abb2c4183683ab71653c4cdc9b02d44b7","","0.01231516785721879","0","42.949867538951","3270.15","0","","call",""
"0x4c55fe34f9e7cc392d8c5a7e9545e48dd5b4cf6a3dfc9618026e96d5eec41d73","20420545","1722356723","2024-07-30 16:25:23","0x0c9cb651582289844e0a5e4001d5c7bf1bfea378","0x253553366da8546fc250f225fe3d25d0c782303b","0","0x253553366da8546fc250f225fe3d25d0c782303b","0xfe89cc7abb2c4183683ab71653c4cdc9b02d44b7","","16.432689031706521716","0","57309.9632423491","3278.41","0","","call",""
"0x4b86cd25aa2619bd987b3ee7876abc7c9d653ac1ed97dcee02a80650269404bf","20435166","1722533039","2024-08-01 17:23:59","0x0c9cb651582289844e0a5e4001d5c7bf1bfea378","0x253553366da8546fc250f225fe3d25d0c782303b","0","0x253553366da8546fc250f225fe3d25d0c782303b","0xfe89cc7abb2c4183683ab71653c4cdc9b02d44b7","","27.355294297364141537","0","95403.187368828","3200.67","0","","call",""
"0x0d19579eb49d25f63a4f2496fe136c744486f9015553750f83dbb251b1950220","20452707","1722744623","2024-08-04 04:10:23","0x23b4fdd85377492d6820a75725fe11d584948ea7","0x0a03ec66e2659cff5f18638c3b583e025c6d4eb2","0","0x253553366da8546fc250f225fe3d25d0c782303b","0xfe89cc7abb2c4183683ab71653c4cdc9b02d44b7","","17.80545864189414265","0","62097.5774756781","2688.08","0","","call",""
"0x9b4768583816318bd5cf8bc9a727400d6209f379fe03aaf6a2842a5e7bd3e364","20552993","1723953731","2024-08-18 04:02:11","0x23b4fdd85377492d6820a75725fe11d584948ea7","0x0a03ec66e2659cff5f18638c3b583e025c6d4eb2","0","0x253553366da8546fc250f225fe3d25d0c782303b","0xfe89cc7abb2c4183683ab71653c4cdc9b02d44b7","","179.161405725540221809","0","624835.871765536","2612.58","0","","call",""
"0xb66f8a4657f18d7ef2e2ce61e3f6046999022a7887fa0167f298ed12b60e8151","20599396","1724513831","2024-08-24 15:37:11","0x0c9cb651582289844e0a5e4001d5c7bf1bfea378","0x253553366da8546fc250f225fe3d25d0c782303b","0","0x253553366da8546fc250f225fe3d25d0c782303b","0xfe89cc7abb2c4183683ab71653c4cdc9b02d44b7","","94.004230710702613768","0","327845.247741306","2769.86","0","","call",""
"0x14d299242dcfd64e448f9db5e2260682510f0c5699455e197adfc923d3055ee7","20613907","1724689055","2024-08-26 16:17:35","0xd91dc97b011932755296e09b6ba68e96688927c7","0x253553366da8546fc250f225fe3d25d0c782303b","0","0x253553366da8546fc250f225fe3d25d0c782303b","0xfe89cc7abb2c4183683ab71653c4cdc9b02d44b7","","15.859073971207309719","0","55309.447199659","2681.15","0","","call",""
"0x18e93bcf18267e7b5cb9f0a84f9849da8385c1d5f0e4af9f942802138d5d252e","20697528","1725697751","2024-09-07 08:29:11","0x0c9cb651582289844e0a5e4001d5c7bf1bfea378","0x253553366da8546fc250f225fe3d25d0c782303b","0","0x253553366da8546fc250f225fe3d25d0c782303b","0xfe89cc7abb2c4183683ab71653c4cdc9b02d44b7","","92.947338939278810635","0","324159.27592899","2273.45","0","","call",""
"0xc98341b835ee8119df86d01b67fc81b81219dac29b1265c8eecb016d084f7475","21370480","1733814095","2024-12-10 07:01:35","0x1c0275e8a5e120a230f07b91f706fda323c7814a","0x253553366da8546fc250f225fe3d25d0c782303b","0","0x253553366da8546fc250f225fe3d25d0c782303b","0xfe89cc7abb2c4183683ab71653c4cdc9b02d44b7","","883.138174165142843344","0","3079995.98858493","3630.62","0","","call",""
"0xa6351edd6109fcce3ba550d8c8d6c47810a3d7cef2fd6ed11a77886a4c06cd2b","21397430","1734139223","2024-12-14 01:20:23","0xacdf9ab22fab22b166d8deb689475cdaed9d7f81","0x253553366da8546fc250f225fe3d25d0c782303b","0","0x253553366da8546fc250f225fe3d25d0c782303b","0xfe89cc7abb2c4183683ab71653c4cdc9b02d44b7","","28.760746546653866988","0","100304.784215836","3869.58","0","","call",""
